pre_index,post_index,synapse_count,modeled_polarity,neuropils
94,495,10,1,AMMC_L;SAD
94,109,1,1,SAD
94,123,1,1,SAD
94,527,18,1,AMMC_L;SAD
94,428,8,1,AMMC_L;SAD
94,431,35,1,AMMC_L;SAD
94,432,7,1,AMMC_L;SAD
94,440,5,1,AMMC_L;SAD
94,583,1,1,SAD
94,220,2,1,AMMC_L
94,471,26,1,AMMC_L;SAD
94,343,1,1,SAD
94,352,3,1,AMMC_L
94,712,1,1,SAD
487,492,1,-1,AVLP_R
487,507,5,-1,AVLP_R
487,11,1,-1,AVLP_R
487,15,7,-1,AMMC_R;AVLP_R
487,542,6,-1,AVLP_R
487,563,1,-1,AVLP_R
487,564,1,-1,AVLP_R
487,583,18,-1,AMMC_R;AVLP_R;WED_R
487,41,2,-1,AMMC_R;AVLP_R
487,48,1,-1,AVLP_R
487,612,1,-1,AVLP_R
487,615,2,-1,AVLP_R
487,619,6,-1,AVLP_R
487,637,1,-1,AVLP_R
487,639,1,-1,AVLP_R
487,677,5,-1,AMMC_R;AVLP_R
487,685,7,-1,AVLP_R
487,691,1,-1,AVLP_R
487,696,2,-1,AVLP_R
487,700,9,-1,AMMC_R;AVLP_R
487,701,1,-1,AVLP_R
487,399,12,-1,AMMC_R;AVLP_R
487,715,4,-1,AVLP_R
487,91,2,-1,AMMC_R
487,720,3,-1,AVLP_R
400,504,2,1,WED_L
400,422,1,1,SAD
400,543,1,1,WED_R
400,548,1,1,WED_R
400,595,1,1,IPS_R
400,604,1,1,WED_R
400,451,1,1,WED_L
400,627,8,1,IPS_R
400,652,2,1,WED_R
400,478,1,1,SAD
488,551,1,-1,ICL_R
488,577,1,-1,AVLP_R
488,617,1,-1,ICL_R
488,629,3,-1,PLP_R;SCL_R
488,637,3,-1,AVLP_R;WED_R
489,409,1,-1,AMMC_R
489,393,28,-1,AMMC_L;SAD;WED_L
489,420,1,-1,AMMC_R
489,14,1,-1,AMMC_R
489,394,22,-1,AMMC_L
489,395,10,-1,AMMC_R;AVLP_R
489,431,1,-1,AMMC_L
489,602,3,-1,AMMC_L
489,59,1,-1,AMMC_L
489,634,3,-1,AMMC_L
489,456,1,-1,AMMC_L
489,457,1,-1,AMMC_R
489,396,6,-1,AMMC_R;SAD
489,397,10,-1,AMMC_R;AVLP_R;SAD
489,467,1,-1,SAD
489,687,1,-1,AMMC_L
489,86,1,-1,AMMC_L
489,713,5,-1,AMMC_L;SAD
489,730,1,-1,AMMC_L
401,447,1,1,WED_L
402,488,2,1,WED_R
402,489,3,1,AMMC_R;SAD
402,409,2,1,AMMC_R;SAD
402,539,4,1,AVLP_R;WED_R
402,540,50,1,AMMC_R;AVLP_R;SAD;WED_R
402,429,3,1,AVLP_R;WED_L
402,571,25,1,AVLP_R;SAD;WED_R
402,576,4,1,WED_L
402,580,11,1,AMMC_R;GNG;SAD
402,588,3,1,WED_L
402,596,3,1,WED_L
402,445,3,1,AVLP_R;SAD
402,446,1,1,WED_R
402,602,24,1,WED_L
402,604,7,1,AVLP_R;WED_R
402,618,147,1,AVLP_R;SAD;WED_R
402,633,4,1,AMMC_R
402,634,10,1,WED_L
402,637,11,1,AVLP_R;SAD;WED_R
402,648,1,1,WED_L
402,653,1,1,WED_R
402,661,54,1,WED_L
402,673,2,1,AMMC_R;SAD
402,675,29,1,WED_L
402,677,2,1,SAD
402,396,2,1,AMMC_R;SAD
402,685,3,1,AVLP_R
402,688,15,1,WED_L
402,696,1,1,AMMC_R
402,700,18,1,AVLP_R;SAD;WED_L;WED_R
402,713,1,1,SAD
402,730,6,1,WED_L
490,519,1,-1,AVLP_L
490,521,1,-1,AVLP_L
490,550,2,-1,AVLP_L
490,575,2,-1,AVLP_L
490,579,4,-1,AVLP_L
490,620,3,-1,AVLP_L
490,642,2,-1,AVLP_L
490,666,6,-1,AVLP_L
490,678,1,-1,AVLP_L
490,684,1,-1,AVLP_L
491,521,1,1,SLP_L
491,615,1,1,AVLP_R
491,641,3,1,AVLP_R
491,667,1,1,AVLP_R
491,710,2,1,AVLP_R
492,497,1,1,AVLP_R
492,553,7,1,AVLP_R
492,557,5,1,AVLP_R;PVLP_R
492,570,10,1,AVLP_L
492,598,1,1,AVLP_R
492,612,2,1,AVLP_R
492,615,1,1,AVLP_R
492,641,3,1,AVLP_R
492,684,3,1,AVLP_L
492,691,1,1,AVLP_R
492,692,5,1,AVLP_R;SCL_R
492,717,1,1,AVLP_L
492,726,2,1,AVLP_R
95,527,3,1,AMMC_L;SAD
95,427,1,1,SAD
95,431,1,1,AMMC_L
95,432,4,1,AMMC_L;SAD
95,456,6,1,AMMC_L;SAD
95,471,5,1,AMMC_L
95,479,1,1,SAD
493,489,1,-1,GNG
493,517,1,-1,AMMC_L
493,393,2,-1,AMMC_L
493,15,1,-1,SAD
493,394,2,-1,AMMC_L
493,555,1,-1,SAD
493,395,6,-1,SAD
493,573,1,-1,SAD
493,574,2,-1,AMMC_L
493,36,3,-1,AMMC_L;SAD
493,607,15,-1,AMMC_R;SAD
493,53,6,-1,AMMC_L;SAD
493,60,1,-1,AMMC_R
493,633,9,-1,AL_L;AMMC_L;SAD
493,677,2,-1,SAD
493,397,4,-1,AMMC_R;SAD
493,398,8,-1,GNG;SAD
493,687,17,-1,AMMC_L;AMMC_R;GNG;SAD
493,706,2,-1,AMMC_L;SAD
493,399,3,-1,SAD
493,87,1,-1,AMMC_L
493,713,25,-1,AMMC_L;AMMC_R;SAD
493,721,20,-1,AMMC_L;SAD
97,506,2,1,AMMC_L;WED_L
97,157,1,1,SAD
97,527,2,1,AMMC_L;SAD
97,425,4,1,AMMC_L;SAD
97,534,1,1,SAD
97,427,7,1,AMMC_L;SAD
97,430,5,1,AMMC_L;SAD;WED_L
97,431,2,1,SAD
97,432,1,1,SAD
97,442,6,1,AMMC_L;SAD
97,444,10,1,AMMC_L;SAD;WED_L
97,448,8,1,AMMC_L;SAD
97,250,1,1,SAD
97,485,7,1,AMMC_L;SAD
97,456,1,1,AMMC_L
97,459,10,1,AMMC_L;SAD
97,460,8,1,AMMC_L;SAD
97,486,6,1,AMMC_L;SAD
97,463,20,1,AMMC_L;SAD;WED_L
97,470,8,1,AMMC_L;SAD
97,471,2,1,SAD
97,357,1,1,SAD
98,143,1,1,AMMC_L
98,432,1,1,AMMC_L
403,489,1,1,AMMC_L
403,495,1,1,SAD
403,517,1,1,SAD
403,393,1,1,AMMC_L
403,417,1,1,GNG
403,424,1,1,AMMC_L
403,430,1,1,AMMC_L
403,431,1,1,AMMC_L
403,432,1,1,AMMC_L
403,576,6,1,AVLP_L;WED_L
403,580,21,1,AMMC_L;SAD
403,582,6,1,AVLP_L;WED_L
403,583,8,1,AMMC_L;AVLP_L;SAD;WED_L
403,600,4,1,AVLP_L;WED_L
403,602,1,1,AMMC_L
403,607,2,1,AMMC_L
403,648,7,1,AMMC_L;AVLP_L;WED_L
403,665,25,1,AMMC_L;AVLP_L;WED_L
403,676,1,1,AVLP_L
403,677,16,1,AMMC_L;AVLP_L;SAD;WED_L
403,679,10,1,AMMC_L;AVLP_L;WED_L
403,689,3,1,AMMC_L;SAD
403,690,74,1,AMMC_L;AVLP_L;SAD;WED_L
403,700,73,1,AMMC_L;AVLP_L;SAD;WED_L
403,472,1,1,AMMC_L
403,706,24,1,AMMC_L;AVLP_L;SAD;WED_L
403,721,4,1,SAD
403,730,1,1,AMMC_L
99,445,2,1,AMMC_R
494,518,1,1,AVLP_L
494,393,2,1,AVLP_L
494,559,1,1,AVLP_L
494,587,2,1,ICL_R
494,660,1,1,ICL_R
494,669,1,1,AVLP_L
494,676,2,1,AVLP_L;GOR_L
494,680,1,1,AVLP_L
100,580,1,1,AMMC_R
100,633,1,1,AMMC_R
495,489,27,-1,AMMC_L;AMMC_R;SAD
495,402,1,-1,AMMC_R
495,406,1,-1,SAD
495,3,1,-1,UNASGD
495,409,1,-1,AMMC_R
495,410,12,-1,AMMC_R;SAD
495,510,2,-1,SAD
495,517,1,-1,SAD
495,415,12,-1,GNG;SAD;WED_R
495,393,9,-1,AMMC_L;SAD
495,418,7,-1,GNG;WED_L
495,420,10,-1,AMMC_R;GNG;SAD
495,152,1,-1,AMMC_R
495,527,2,-1,AMMC_L;SAD
495,422,14,-1,AMMC_L;SAD
495,19,1,-1,SAD
495,534,12,-1,AMMC_L;SAD
495,539,1,-1,SAD
495,394,12,-1,AMMC_L;SAD
495,427,12,-1,AMMC_L;SAD;WED_L
495,548,1,-1,SAD
495,428,2,-1,SAD
495,555,13,-1,AMMC_R;SAD
495,430,11,-1,AMMC_L;SAD
495,395,18,-1,AMMC_R;SAD
495,432,21,-1,AMMC_L;SAD;WED_L
495,435,1,-1,SAD
495,31,1,-1,AMMC_R
495,437,2,-1,AMMC_L
495,571,1,-1,SAD
495,35,1,-1,SAD
495,573,10,-1,AMMC_L;SAD
495,574,15,-1,SAD
495,580,109,-1,AMMC_L;AMMC_R;GNG;SAD
495,39,1,-1,SAD
495,440,4,-1,AMMC_L;SAD;WED_L
495,583,2,-1,SAD
495,588,1,-1,AMMC_L
495,591,1,-1,AMMC_L
495,596,1,-1,SAD
495,445,21,-1,AMMC_R;GNG;SAD;WED_R
495,602,21,-1,AMMC_L;SAD;WED_L
495,607,4,-1,AMMC_R;SAD
495,633,13,-1,AMMC_L;AMMC_R;GNG;SAD
495,634,20,-1,AMMC_L;SAD;WED_L
495,456,9,-1,AMMC_L;GNG;SAD;WED_L
495,457,3,-1,AMMC_R;SAD
495,644,11,-1,AMMC_L;SAD
495,68,1,-1,SAD
495,69,1,-1,SAD
495,661,1,-1,AMMC_L
495,464,3,-1,WED_L;WED_R
495,677,13,-1,AMMC_R;GNG;SAD
495,396,14,-1,AMMC_R;SAD
495,397,14,-1,AMMC_R;SAD
495,398,22,-1,AMMC_L;SAD
495,467,3,-1,WED_L
495,687,5,-1,AMMC_L;AMMC_R;GNG;SAD
495,689,9,-1,AMMC_L;SAD;WED_L
495,690,2,-1,SAD
495,469,1,-1,SAD
495,700,3,-1,GNG;SAD
495,472,1,-1,GNG
495,399,13,-1,AMMC_L;SAD
495,474,7,-1,AMMC_R;SAD
495,712,3,-1,SAD;WED_L
495,713,16,-1,AMMC_L;AMMC_R;SAD
495,721,10,-1,AMMC_L;SAD
495,478,4,-1,SAD
495,479,23,-1,AMMC_L;SAD
495,730,7,-1,AMMC_L;SAD;WED_L
101,164,1,-1,AMMC_L
101,688,1,-1,AMMC_L
404,489,6,1,AMMC_R;SAD
404,402,2,1,AMMC_R;WED_L
404,122,1,1,SAD
404,540,3,1,SAD;WED_R
404,548,1,1,AMMC_R
404,555,1,1,SAD
404,435,3,1,WED_L
404,568,3,1,AVLP_R
404,206,1,1,SAD
404,571,6,1,AVLP_R;SAD;WED_R
404,576,20,1,WED_L
404,580,6,1,AMMC_R;GNG;SAD
404,445,3,1,AMMC_R
404,602,20,1,WED_L
404,604,1,1,AVLP_R
404,618,36,1,AVLP_R;SAD;WED_R
404,633,3,1,AMMC_R
404,634,10,1,WED_L
404,637,4,1,AVLP_R;WED_R
404,648,51,1,WED_L
404,654,2,1,WED_L
404,661,50,1,WED_L
404,675,3,1,WED_L
404,677,8,1,SAD;WED_L;WED_R
404,396,2,1,SAD
404,397,1,1,AMMC_R
404,685,1,1,WED_R
404,688,2,1,WED_L
404,690,1,1,WED_L
404,696,1,1,AVLP_R
404,700,26,1,AMMC_R;AVLP_R;SAD;WED_L;WED_R
404,713,1,1,AMMC_R
404,729,1,1,WED_R
404,730,22,1,WED_L
496,623,1,-1,PLP_L
496,686,1,-1,PLP_L
405,489,2,1,AMMC_L
405,407,1,1,SAD
405,419,1,1,AMMC_L
405,565,1,1,AVLP_R
405,576,1,1,AVLP_L
405,580,10,1,AMMC_L
405,583,1,1,SAD
405,450,2,1,AMMC_L
405,616,1,1,AVLP_L
405,619,1,1,AVLP_R
405,620,4,1,AVLP_L
405,677,18,1,AMMC_L;AVLP_L;SAD;WED_L
405,679,7,1,AMMC_L;AVLP_L
405,398,1,1,AMMC_L
405,690,13,1,AMMC_L;AVLP_L;SAD;WED_L
405,700,40,1,AMMC_L;AVLP_L;AVLP_R;WED_L
405,706,20,1,AMMC_L;AVLP_L;SAD;WED_L
405,399,2,1,AMMC_L
406,393,19,1,AVLP_L;PVLP_L;WED_L
406,525,1,1,PVLP_L
406,394,10,1,PVLP_L
406,580,1,1,AMMC_R
406,602,1,1,WED_L
406,634,1,1,AVLP_L
406,473,1,1,PVLP_L
0,493,1,1,AMMC_L
0,689,2,1,AMMC_L;SAD
0,721,1,1,UNASGD
497,593,1,-1,AVLP_L
498,501,2,1,ICL_L
498,528,1,1,ICL_L
498,630,1,1,ICL_L
498,643,1,1,ICL_R
498,662,2,1,AVLP_L;GOR_L
498,682,1,1,BU_R
498,695,1,1,ICL_R
498,699,1,1,ICL_R
498,704,1,1,GOR_L
106,188,1,-1,WED_R
107,413,1,0,AMMC_L
500,590,6,-1,AVLP_R;PVLP_R
500,598,1,-1,AVLP_R
500,660,1,-1,AVLP_R
1,399,1,1,AMMC_L
110,471,1,-1,SAD
407,493,1,1,AMMC_L
407,405,1,1,AVLP_L
407,412,1,1,AVLP_L
407,507,14,1,AVLP_R
407,413,2,1,AVLP_R
407,517,1,1,AMMC_L
407,542,8,1,AVLP_R
407,565,1,1,AVLP_R
407,436,4,1,AVLP_L;WED_L
407,437,1,1,AVLP_R
407,583,2,1,AMMC_L;SAD
407,619,19,1,AVLP_R
407,651,1,1,AVLP_L
407,666,3,1,AVLP_L
407,677,7,1,AVLP_L;WED_L
407,700,39,1,AMMC_L;AVLP_L;AVLP_R;WED_L
407,706,1,1,WED_L
407,715,17,1,AVLP_R
2,583,2,1,AMMC_R;AVLP_R
2,677,1,1,AMMC_R
2,687,3,1,AMMC_R;AVLP_R
2,700,1,1,AVLP_R
3,493,1,1,UNASGD
3,495,27,1,AMMC_L;SAD;UNASGD
3,0,1,1,SAD
3,517,16,1,AMMC_L;SAD;WED_L
3,534,1,1,SAD
3,432,33,1,AMMC_L;AVLP_L;SAD
3,26,1,1,AMMC_L
3,29,2,1,SAD
3,573,1,1,SAD
3,574,2,1,AMMC_L;SAD
3,644,1,1,AMMC_L
3,67,1,1,AMMC_L
3,654,10,1,AMMC_L;SAD
3,677,1,1,SAD
3,689,3,1,AMMC_L;SAD
3,470,2,1,AMMC_L;SAD
3,700,9,1,AMMC_L;SAD;WED_L
3,706,1,1,SAD
3,721,17,1,AMMC_L;SAD
3,479,28,1,AMMC_L;SAD
111,402,1,1,AMMC_R
111,406,8,1,AMMC_R
111,410,1,1,AMMC_R
111,423,1,1,AMMC_R
111,555,1,1,AMMC_R
111,607,1,1,AMMC_R
112,408,8,1,AMMC_R
112,416,5,1,AMMC_R
112,420,2,1,AMMC_R
112,171,1,1,AMMC_R
112,457,4,1,AMMC_R
112,465,3,1,AMMC_R
113,408,1,1,AMMC_R
113,420,19,1,AMMC_R
113,457,2,1,AMMC_R
113,465,4,1,AMMC_R
114,408,3,1,AMMC_R
114,122,3,1,AMMC_R
114,420,2,1,AMMC_R
114,190,1,1,AMMC_R
114,713,1,1,AMMC_R
115,408,2,1,AMMC_R
115,420,18,1,AMMC_R
115,548,1,1,AMMC_R
115,254,1,1,AMMC_R
115,465,4,1,AMMC_R
115,713,9,1,AMMC_R
408,495,18,1,SAD;WED_L;WED_R
408,411,1,1,WED_R
408,416,1,1,WED_L
408,522,1,1,AVLP_R
408,548,6,1,AVLP_R;SAD;WED_R
408,431,4,1,AVLP_L;SAD
408,576,1,1,WED_L
408,580,1,1,SAD
408,583,1,1,WED_L
408,602,1,1,WED_L
408,621,2,1,AVLP_L
408,700,1,1,SAD
501,528,1,1,ICL_L
501,592,5,1,GOR_L;ICL_L;SCL_L
501,630,2,1,FB;ICL_L
501,631,2,1,FB
501,682,1,1,GOR_L
501,699,2,1,FB;ICL_L
502,511,1,-1,AVLP_L
502,519,6,-1,AVLP_L
502,521,1,-1,AVLP_L
502,549,1,-1,AVLP_L
502,559,3,-1,AVLP_L
502,592,7,-1,AVLP_L
502,605,2,-1,AVLP_L
502,624,6,-1,AVLP_L
502,635,1,-1,AVLP_L
502,642,7,-1,AVLP_L
502,674,5,-1,AVLP_L
502,678,9,-1,AVLP_L
502,693,1,-1,AVLP_L
502,723,2,-1,AVLP_L
502,725,7,-1,AVLP_L
503,400,2,-1,AMMC_L;SAD
503,401,1,-1,SAD
503,95,2,-1,AMMC_L
503,109,2,-1,AMMC_L
503,411,1,-1,AMMC_L
503,139,1,-1,AMMC_L
503,140,2,-1,SAD
503,142,4,-1,AMMC_L;SAD
503,424,9,-1,AMMC_L;SAD
503,427,2,-1,SAD
503,429,8,-1,AMMC_L;SAD
503,431,2,-1,AMMC_L
503,435,1,-1,AMMC_L
503,200,1,-1,AMMC_L
503,439,2,-1,AMMC_L;SAD
503,444,1,-1,AMMC_L
503,596,2,-1,SAD
503,602,2,-1,WED_L
503,606,2,-1,IPS_L;SAD
503,613,1,-1,AMMC_L
503,634,9,-1,AMMC_L;SAD;WED_L
503,459,1,-1,SAD
503,460,10,-1,AMMC_L;GNG;SAD
503,463,1,-1,IPS_L
503,675,3,-1,AMMC_L;SAD;WED_L
503,322,1,-1,AMMC_L
503,688,1,-1,WED_L
503,470,2,-1,SAD
503,471,6,-1,SAD
503,348,5,-1,AMMC_L;SAD
503,349,3,-1,AMMC_L
503,712,1,-1,WED_L
503,475,2,-1,SAD
503,722,3,-1,AMMC_L;SAD
503,480,1,-1,AMMC_L
503,730,2,-1,SAD
4,574,1,0,SAD
4,583,1,0,AMMC_L
4,687,1,0,AMMC_L
5,493,5,1,AMMC_R;SAD
5,495,4,1,AMMC_R;SAD
5,607,2,1,AMMC_R;SAD
5,673,4,1,AMMC_R;SAD
5,81,1,1,SAD
5,700,12,1,AMMC_R;AVLP_R;SAD
118,402,2,1,AMMC_R
118,404,5,1,AMMC_R
118,406,1,1,AMMC_R
118,409,3,1,AMMC_R
118,410,1,1,AMMC_R
118,153,1,1,AMMC_R
118,423,2,1,AMMC_R
118,160,2,1,AMMC_R
118,446,4,1,AMMC_R
118,247,2,1,AMMC_R
118,254,1,1,AMMC_R
118,469,4,1,AMMC_R
118,356,1,1,AMMC_R
6,489,1,1,AMMC_L
6,583,1,1,AMMC_L
6,398,1,1,AMMC_L
6,687,1,1,AVLP_L
6,700,1,1,AVLP_L
6,399,2,1,AMMC_L;AVLP_L
504,595,1,1,PLP_L
504,610,1,1,PLP_R
504,627,5,1,IPS_R;SCL_R
504,652,1,1,PLP_R
119,402,18,1,AMMC_R
119,404,11,1,AMMC_R
119,409,5,1,AMMC_R
119,423,9,1,AMMC_R
119,175,1,1,AMMC_R
119,446,6,1,AMMC_R
119,484,4,1,AMMC_R
119,468,2,1,AMMC_R
119,469,11,1,AMMC_R
120,402,6,1,AMMC_R
120,404,2,1,AMMC_R
120,409,1,1,AMMC_R
120,423,6,1,AMMC_R
120,484,2,1,AMMC_R
120,469,14,1,AMMC_R
120,473,2,1,AMMC_R
121,495,2,1,AMMC_R;SAD
121,510,6,1,AMMC_R
121,415,9,1,AMMC_R;SAD
121,548,2,1,AMMC_R
121,583,3,1,AMMC_R
121,446,1,1,AMMC_R
121,673,1,1,SAD
121,469,15,1,AMMC_R;SAD
7,410,2,0,AMMC_R
7,583,2,0,AMMC_R
7,607,4,0,AMMC_R
7,457,5,0,AMMC_R
7,474,1,0,AMMC_R
7,713,6,0,AMMC_R
409,406,2,1,SAD
409,415,1,1,SAD
409,393,46,1,AVLP_L;PVLP_L;WED_L
409,394,33,1,PVLP_L;SPS_L
409,395,4,1,AMMC_R;SAD
409,577,1,1,SAD
409,580,3,1,AMMC_R
409,602,3,1,WED_L
409,634,3,1,AVLP_L
409,397,3,1,AMMC_R
409,687,1,1,AMMC_R
409,474,1,1,AMMC_R
409,713,3,1,AMMC_R;SAD
409,730,1,1,PVLP_L
122,580,8,1,AMMC_R;SAD
122,611,2,1,SAD
122,677,4,1,AMMC_R;SAD
122,696,1,1,AMMC_R
505,527,2,-1,IPS_L;SAD
505,560,1,-1,LAL_L
505,599,2,-1,IPS_L;LAL_L
410,495,1,1,SAD
410,503,6,1,SAD
410,517,7,1,SAD
410,393,11,1,AMMC_L;PVLP_L;SAD;WED_L
410,534,2,1,WED_L
410,394,20,1,PVLP_L;SAD
410,552,8,1,SAD
410,395,1,1,SAD
410,432,3,1,PVLP_L;SAD
410,442,1,1,SAD
410,444,1,1,SAD
410,602,16,1,AMMC_L;SAD;WED_L
410,606,4,1,SAD
410,633,6,1,AMMC_L
410,634,13,1,AVLP_L;SAD;WED_L
410,459,1,1,SAD
410,640,6,1,SAD;WED_L
410,654,3,1,SAD
410,293,1,1,AMMC_R
410,469,1,1,PVLP_L
410,470,6,1,SAD
410,721,21,1,SAD;WED_L
410,730,3,1,AMMC_L;WED_L
123,495,5,1,SAD
123,527,20,1,AMMC_L;SAD
123,428,2,1,SAD
123,431,12,1,AMMC_L;SAD
123,432,2,1,SAD
123,440,3,1,AMMC_L;SAD
123,654,4,1,SAD
123,689,1,1,AMMC_L
123,471,1,1,SAD
123,338,1,1,AMMC_L
123,479,3,1,SAD
506,504,13,-1,PLP_L;WED_L
506,348,1,-1,SAD
8,489,5,1,AMMC_R
8,406,1,1,AMMC_R
8,577,1,1,AMMC_R
8,580,1,1,AMMC_R
8,583,2,1,AMMC_R
8,607,6,1,AMMC_R
8,633,9,1,AMMC_R
8,70,2,1,AMMC_R
8,78,1,1,AMMC_R
8,687,3,1,AMMC_R
8,474,1,1,AMMC_R
8,713,2,1,AMMC_R
8,721,3,1,AMMC_R
411,488,3,1,AVLP_R;PVLP_R
411,495,1,1,WED_L
411,503,5,1,SAD
411,539,1,1,WED_R
411,543,6,1,AVLP_R;PVLP_R;WED_R
411,548,4,1,AVLP_R;WED_R
411,562,1,1,WED_R
411,571,17,1,AVLP_R;PVLP_R;WED_R
411,576,1,1,AMMC_L
411,577,4,1,WED_R
411,443,1,1,SAD
411,588,2,1,WED_L
411,591,4,1,AMMC_L;WED_L
411,595,5,1,WED_R
411,602,15,1,AMMC_L;SAD;WED_L
411,604,3,1,WED_R
411,606,7,1,AMMC_L;SAD;WED_L
411,618,7,1,WED_R
411,622,3,1,WED_R
411,634,30,1,AMMC_L;PVLP_L;SAD;WED_L
411,637,5,1,WED_R
411,459,5,1,WED_L
411,652,3,1,AVLP_R;WED_R
411,654,14,1,AMMC_L;PVLP_L;WED_L
411,659,1,1,WED_L
411,675,12,1,AMMC_L;PVLP_L;SAD;WED_L
411,688,3,1,AMMC_L;WED_L
411,700,1,1,SAD
411,712,6,1,AMMC_L;WED_L
411,475,1,1,SAD
411,722,9,1,SAD;WED_L
411,729,3,1,AVLP_R;WED_R
411,480,1,1,AVLP_R
411,730,14,1,AMMC_L;WED_L
412,507,9,1,AVLP_R;WED_R
412,542,18,1,AVLP_R
412,565,1,1,AVLP_R
412,568,1,1,AVLP_R
412,619,22,1,AVLP_R
412,677,2,1,AVLP_L
412,469,1,1,SAD
412,700,23,1,AVLP_L;AVLP_R;WED_L
412,706,5,1,WED_L
412,715,25,1,AVLP_R;WED_R
507,487,5,1,AVLP_R
507,492,4,1,AVLP_R
507,500,3,1,AVLP_R
507,542,5,1,AVLP_R
507,564,11,1,AVLP_R
507,565,2,1,AVLP_R
507,566,16,1,AVLP_R
507,583,4,1,AVLP_R
507,619,5,1,AVLP_R
507,641,19,1,AVLP_R
507,645,2,1,AVLP_R
507,650,1,1,AVLP_R
507,667,18,1,AVLP_R
507,685,11,1,AVLP_R
507,691,1,1,AVLP_R
507,696,2,1,AVLP_R
507,697,4,1,AVLP_R
507,700,1,1,AVLP_R
507,715,3,1,AVLP_R
507,720,1,1,AVLP_R
507,726,1,1,AVLP_R
508,492,2,1,AVLP_R
508,500,11,1,AVLP_R
508,529,3,1,AVLP_R
508,553,4,1,AVLP_R
508,557,2,1,AVLP_R
508,566,3,1,AVLP_R
508,580,6,1,AMMC_R
508,598,1,1,AVLP_R
508,611,1,1,AVLP_R
508,641,17,1,AVLP_R
508,667,31,1,AVLP_R
508,671,1,1,AVLP_R
508,685,41,1,AVLP_R
508,692,5,1,AVLP_R
508,696,2,1,AVLP_R
508,700,6,1,AVLP_R
125,495,5,1,SAD
125,506,3,1,SAD
125,425,6,1,AMMC_L;SAD
125,485,4,1,SAD
125,456,5,1,SAD
125,459,8,1,AMMC_L;SAD
125,460,1,1,SAD
125,486,11,1,AMMC_L;SAD
125,463,18,1,AMMC_L;SAD
125,470,12,1,AMMC_L;SAD
125,471,1,1,SAD
125,375,2,1,AMMC_L
509,543,13,-1,WED_R
509,545,2,-1,LH_R
509,595,6,-1,WED_R
509,601,1,-1,IPS_R
509,610,3,-1,WED_R
509,622,2,-1,WED_R
509,627,1,-1,IPS_R
509,652,1,-1,WED_R
509,670,2,-1,WED_R
510,401,3,-1,IPS_L
510,495,1,-1,SAD
510,503,2,-1,SAD
510,506,13,-1,IPS_L;SAD;WED_L
510,125,3,-1,SAD
510,414,15,-1,IPS_L;SAD;WED_L
510,418,10,-1,SAD;SPS_L;WED_L
510,138,3,-1,SAD
510,141,6,-1,SAD
510,422,3,-1,SAD
510,425,4,-1,SAD;WED_L
510,536,1,-1,IPS_R
510,394,1,-1,PVLP_L
510,428,1,-1,WED_L
510,561,19,-1,IPS_L;SAD;WED_L
510,432,1,-1,SAD
510,441,1,-1,IPS_L
510,442,11,-1,SAD
510,250,1,-1,SAD
510,456,2,-1,SAD
510,459,2,-1,SAD
510,460,1,-1,SAD
510,325,1,-1,SAD
510,468,1,-1,SAD
510,712,1,-1,WED_L
9,489,2,1,AMMC_R;AVLP_R
9,564,1,1,AVLP_R
9,566,1,1,AVLP_R
9,580,1,1,AMMC_R
9,583,2,1,AMMC_R
9,700,5,1,AMMC_R
9,399,5,1,AMMC_R;SAD
127,405,1,1,AMMC_L
127,407,2,1,AMMC_L
127,419,1,1,AMMC_L
127,448,1,1,AMMC_L
127,458,2,1,AMMC_L
127,721,2,1,AMMC_L;SAD
511,662,1,1,AVLP_L
511,723,1,1,AVLP_L
512,492,2,1,AVLP_L
513,501,2,-1,SIP_L
513,528,2,-1,SIP_L
513,550,1,-1,FB
513,563,3,-1,SCL_L;SCL_R;SIP_R
513,624,1,-1,SCL_L
513,630,5,-1,SIP_R
513,631,1,-1,SIP_L
513,649,1,-1,SCL_R
513,664,5,-1,SIP_L
513,678,1,-1,SCL_L
513,682,3,-1,SIP_R
513,701,1,-1,FB
513,704,1,-1,SIP_L
129,413,1,-1,AMMC_L
129,583,1,-1,SAD
129,688,1,-1,AMMC_L
514,530,1,-1,AVLP_R
514,585,3,-1,AVLP_L;AVLP_R;EPA_L
514,636,1,-1,ICL_R
514,647,2,-1,AVLP_L
514,653,1,-1,AVLP_R
514,656,2,-1,EPA_L
514,669,7,-1,AVLP_R;EPA_L;LAL_L;PVLP_R
514,703,2,-1,AVLP_L;EPA_L
514,707,1,-1,EPA_L
514,728,1,-1,AVLP_R
130,113,1,1,AMMC_R
130,115,1,1,AMMC_R
130,408,2,1,AMMC_R
130,420,10,1,AMMC_R
130,261,2,1,AMMC_R
130,713,3,1,AMMC_R
131,431,2,1,AMMC_L
131,432,1,1,AMMC_L
131,437,1,1,AMMC_L
131,607,1,1,AMMC_L
131,456,1,1,AMMC_L
131,472,1,1,AMMC_L
132,489,1,-1,AMMC_R
132,420,1,-1,AMMC_R
515,516,1,1,SCL_L
515,553,1,1,AVLP_R
515,572,2,1,AVLP_R
515,578,2,1,AVLP_L
515,638,2,1,AVLP_R
515,650,2,1,AVLP_R;SCL_L
515,691,1,1,SIP_L
515,699,1,1,AVLP_R
516,578,1,1,AVLP_L
516,624,1,1,SCL_L
134,469,2,0,AMMC_R
10,495,1,-1,AMMC_L
10,422,1,-1,SAD
10,430,1,-1,SAD
10,77,1,-1,AMMC_L
10,721,1,-1,SAD
413,489,1,1,AMMC_L
413,412,1,1,AVLP_R
413,507,3,1,AVLP_R
413,515,1,1,AVLP_R
413,517,2,1,AMMC_L
413,542,6,1,AVLP_R
413,437,1,1,AVLP_R
413,583,1,1,AVLP_L
413,616,2,1,AVLP_L;WED_L
413,619,13,1,AVLP_R
413,677,1,1,WED_L
413,700,37,1,AMMC_L;AVLP_L;AVLP_R;WED_L
413,706,7,1,AVLP_L;WED_L
413,715,32,1,AVLP_R
517,94,4,-1,AMMC_L;SAD
517,95,1,-1,AMMC_L
517,96,2,-1,AMMC_L
517,403,2,-1,AMMC_L
517,495,13,-1,AMMC_L;SAD
517,101,3,-1,SAD
517,0,1,-1,SAD
517,3,6,-1,AMMC_L;SAD;WED_L
517,124,3,-1,AMMC_L
517,125,1,-1,SAD
517,129,1,-1,AMMC_L
517,131,5,-1,AMMC_L;SAD
517,10,4,-1,SAD
517,417,2,-1,AMMC_L
517,138,3,-1,SAD
517,140,1,-1,SAD
517,141,3,-1,SAD
517,482,1,-1,AMMC_L
517,12,1,-1,SAD
517,157,3,-1,SAD
517,159,1,-1,AMMC_L
517,162,1,-1,SAD
517,424,10,-1,AMMC_L;SAD
517,429,8,-1,AMMC_L;SAD
517,431,2,-1,AMMC_L
517,26,1,-1,SAD
517,434,1,-1,WED_L
517,435,1,-1,SAD
517,194,2,-1,AMMC_L
517,30,2,-1,AMMC_L
517,196,1,-1,AMMC_L
517,197,2,-1,AMMC_L
517,207,5,-1,AMMC_L
517,573,1,-1,AMMC_L
517,212,1,-1,SAD
517,580,1,-1,AMMC_L
517,583,1,-1,SAD
517,220,3,-1,AMMC_L;SAD
517,225,6,-1,AMMC_L;SAD
517,444,1,-1,SAD
517,233,3,-1,AMMC_L
517,607,1,-1,AMMC_L
517,49,1,-1,SAD
517,454,2,-1,SAD
517,56,1,-1,AMMC_L
517,256,2,-1,AMMC_L
517,634,1,-1,AMMC_L
517,456,4,-1,AMMC_L;SAD;WED_L
517,268,2,-1,AMMC_L
517,65,1,-1,SAD
517,67,3,-1,AMMC_L;SAD
517,279,1,-1,AMMC_L
517,654,1,-1,AMMC_L
517,281,1,-1,AMMC_L
517,463,1,-1,WED_L
517,677,1,-1,SAD
517,325,4,-1,SAD
517,80,2,-1,AMMC_L
517,331,5,-1,AMMC_L
517,471,8,-1,SAD
517,339,8,-1,AMMC_L
517,700,3,-1,AMMC_L;SAD
517,347,1,-1,AMMC_L
517,352,2,-1,SAD
517,357,1,-1,SAD
517,359,1,-1,AMMC_L
517,366,1,-1,AMMC_L
517,367,1,-1,AMMC_L
517,379,5,-1,AMMC_L
517,381,1,-1,AMMC_L
517,387,1,-1,AMMC_L
517,388,2,-1,SAD
517,389,4,-1,AMMC_L
517,390,1,-1,AMMC_L
517,479,1,-1,AMMC_L
517,730,1,-1,WED_L
414,489,2,1,AMMC_R;SAD
414,495,7,1,AMMC_R;SAD;WED_R
414,418,1,1,WED_L
414,527,1,1,SAD
414,552,22,1,SAD;WED_L
414,561,8,1,SAD;WED_L
414,432,4,1,SAD;WED_L
414,571,1,1,SAD
414,580,4,1,SAD
414,588,1,1,WED_L
414,604,1,1,WED_R
414,606,1,1,SAD
414,451,1,1,WED_L
414,633,1,1,AMMC_R
414,637,4,1,SAD
414,640,18,1,IPS_L;SAD;WED_L
414,397,1,1,SAD
414,467,3,1,SAD;WED_R
414,474,1,1,AMMC_R
135,403,1,1,AMMC_L
135,413,4,1,AMMC_L
135,482,2,1,AMMC_L
135,432,1,1,AMMC_L
135,436,2,1,AMMC_L
135,437,1,1,AMMC_L
135,472,1,1,AMMC_L
518,494,1,1,AVLP_L
518,559,8,1,AVLP_L;ICL_L
518,589,1,1,AVLP_L
518,590,4,1,AVLP_R
518,608,1,1,AVLP_R
518,626,2,1,PVLP_R
518,635,3,1,AVLP_L
518,680,3,1,AVLP_L
481,403,21,-1,AMMC_L;SAD
481,419,1,-1,SAD
481,149,1,-1,SAD
481,150,2,-1,SAD
481,424,31,-1,AMMC_L;SAD
481,425,45,-1,AMMC_L;SAD
481,429,26,-1,AMMC_L;SAD
481,431,8,-1,AMMC_L;SAD
481,432,43,-1,AMMC_L;SAD
481,437,1,-1,SAD
481,580,9,-1,AMMC_L;SAD
481,442,71,-1,AMMC_L;SAD
481,443,1,-1,AMMC_R
481,484,1,-1,SAD
481,448,1,-1,AMMC_L
481,485,1,-1,SAD
481,456,11,-1,AMMC_L;SAD
481,459,2,-1,SAD
481,463,8,-1,AMMC_L;SAD
481,316,1,-1,AMMC_L
481,325,2,-1,SAD
481,470,15,-1,AMMC_L;SAD
481,471,16,-1,AMMC_L;SAD
481,347,3,-1,AMMC_L;SAD
481,472,43,-1,AMMC_L;SAD
481,479,78,-1,AMMC_L;SAD
519,490,1,1,AVLP_L
519,498,1,1,SLP_L
519,521,1,1,PVLP_L
519,549,2,1,SLP_L
519,605,1,1,AVLP_L
519,624,1,1,AVLP_L
519,645,2,1,SCL_L
519,725,1,1,AVLP_L
520,550,1,-1,AVLP_L
520,570,3,-1,AVLP_L
520,616,2,-1,AVLP_L
520,625,1,-1,AVLP_R
520,666,1,-1,AVLP_L
520,677,4,-1,AVLP_L
520,678,6,-1,AVLP_L
520,725,2,-1,AVLP_L;PVLP_L
415,488,3,1,WED_R
415,510,1,1,SAD
415,420,1,1,SAD
415,539,49,1,AVLP_R;SAD;WED_R
415,540,11,1,SAD;WED_R
415,428,2,1,WED_L
415,562,1,1,AVLP_R
415,395,1,1,SAD
415,571,62,1,AVLP_R;SAD;WED_R
415,440,2,1,WED_L;WED_R
415,583,1,1,SAD
415,588,28,1,PVLP_L;WED_L
415,592,15,1,PVLP_L;WED_L
415,444,1,1,WED_R
415,596,15,1,PVLP_L;WED_L
415,604,45,1,AVLP_R;IPS_R;SAD;WED_R
415,622,41,1,AVLP_R;WED_R
415,637,19,1,AVLP_R;SAD;WED_R
415,652,1,1,WED_R
415,660,9,1,WED_R
415,464,1,1,AVLP_R
415,396,2,1,SAD
415,471,1,1,WED_L
415,712,37,1,WED_L
415,729,183,1,AMMC_R;AVLP_R;SAD;WED_R
521,491,1,1,AVLP_L
521,519,2,1,AVLP_L
521,570,1,1,AVLP_L
521,620,1,1,AVLP_L
521,645,2,1,SCL_R
521,692,1,1,AVLP_R
521,710,1,1,AVLP_L
521,717,1,1,PVLP_L
416,495,7,1,SAD;WED_L
416,425,2,1,WED_L
416,543,1,1,SAD
416,545,3,1,WED_R
416,552,1,1,WED_L
416,561,6,1,SAD;WED_L
416,574,1,1,WED_L
416,442,1,1,WED_L
416,588,1,1,WED_L
416,595,2,1,WED_R
416,601,3,1,WED_R
416,451,1,1,WED_L
416,452,1,1,WED_R
416,621,3,1,AVLP_L
416,622,2,1,WED_R
416,629,4,1,WED_L
416,648,1,1,AVLP_L
416,665,1,1,WED_L
416,700,1,1,WED_L
393,489,5,1,AMMC_L
393,493,2,1,AMMC_L
393,410,1,1,PVLP_L
393,525,5,1,AVLP_L;PVLP_L
393,394,1,1,AVLP_R
393,580,2,1,AMMC_L
393,583,1,1,WED_L
393,609,1,1,PVLP_L
393,456,1,1,AMMC_L
393,463,1,1,PVLP_L
393,677,2,1,AMMC_L
393,396,4,1,EPA_L;EPA_R
393,397,1,1,AVLP_R
393,687,2,1,AMMC_L
393,474,2,1,AMMC_L
393,713,1,1,AMMC_L
393,478,1,1,SAD
136,406,1,0,AMMC_R
136,457,1,0,SAD
417,489,8,1,AMMC_L
417,508,1,1,AVLP_R
417,393,3,1,AMMC_L
417,419,1,1,WED_L
417,534,1,1,AMMC_L
417,394,1,1,AMMC_L
417,559,2,1,AMMC_L
417,432,1,1,AMMC_L
417,568,2,1,AVLP_R;WED_R
417,574,1,1,SAD
417,576,42,1,AVLP_L;WED_L
417,580,14,1,AMMC_L;SAD
417,582,2,1,AMMC_L
417,596,1,1,SAD
417,602,6,1,AMMC_L
417,448,1,1,WED_L
417,611,38,1,AVLP_R;WED_R
417,251,1,1,AMMC_L
417,633,4,1,AMMC_L;SAD
417,634,18,1,AMMC_L;SAD;WED_L
417,648,107,1,AMMC_L;AVLP_L;SAD;WED_L
417,661,3,1,AMMC_L;WED_L
417,463,1,1,AMMC_L
417,665,46,1,AVLP_L;WED_L
417,677,24,1,AMMC_L;AVLP_L;AVLP_R;SAD;WED_R
417,679,4,1,AMMC_L;WED_L
417,689,5,1,AMMC_L;SAD;WED_L
417,690,1,1,WED_L
417,693,1,1,WED_L
417,700,65,1,AMMC_L;AVLP_L;AVLP_R;SAD;WED_L;WED_R
417,730,19,1,AMMC_L;SAD;WED_L
418,489,7,1,SAD
418,495,25,1,AMMC_R;SAD
418,404,2,1,AMMC_R;SAD
418,510,1,1,WED_L
418,517,2,1,WED_L
418,527,1,1,WED_L
418,534,1,1,WED_L
418,552,20,1,IPS_L;SAD;WED_L
418,561,5,1,WED_L
418,395,4,1,AMMC_R;SAD
418,432,8,1,SAD;WED_L
418,434,1,1,SAD
418,580,20,1,AMMC_R;SAD
418,606,1,1,WED_L
418,633,7,1,AMMC_R;GNG
418,637,5,1,AMMC_R;SAD
418,640,9,1,WED_L
418,396,7,1,SAD
418,397,6,1,AMMC_R;SAD
418,467,1,1,WED_L
138,495,2,1,SAD
138,506,5,1,SAD
138,425,5,1,AMMC_L;SAD
138,427,2,1,SAD
138,442,12,1,AMMC_L;SAD
138,485,12,1,SAD
138,456,7,1,SAD
138,459,5,1,AMMC_L;SAD
138,460,9,1,AMMC_L;SAD
138,486,1,1,AMMC_L
138,463,12,1,AMMC_L;SAD
138,470,18,1,SAD
138,479,2,1,SAD
140,94,1,1,SAD
140,495,3,1,SAD
140,109,1,1,SAD
140,517,1,1,SAD
140,527,19,1,AMMC_L;SAD
140,428,7,1,AMMC_L;SAD
140,431,3,1,SAD
140,432,2,1,AMMC_L;SAD
140,440,2,1,SAD
140,654,2,1,AMMC_L;SAD
140,471,8,1,AMMC_L;SAD
522,526,2,-1,PLP_R
141,495,4,1,SAD
141,506,8,1,SAD
141,125,1,1,SAD
141,138,1,1,SAD
141,432,1,1,AMMC_L
141,442,5,1,AMMC_L;SAD
141,485,11,1,AMMC_L;SAD
141,456,14,1,SAD
141,459,1,1,AMMC_L
141,460,5,1,AMMC_L;SAD
141,486,8,1,AMMC_L;SAD
141,463,23,1,AMMC_L;SAD
141,470,8,1,AMMC_L;SAD
141,471,3,1,SAD
141,480,1,1,AMMC_L
142,431,1,1,AMMC_L
142,435,1,1,AMMC_L
142,444,2,1,AMMC_L
142,479,8,1,AMMC_L;SAD
419,489,5,1,AMMC_L
419,493,3,1,AMMC_L
419,403,1,1,AMMC_L
419,405,1,1,AMMC_L
419,508,16,1,AVLP_R;WED_R
419,393,2,1,AMMC_L
419,424,1,1,AMMC_L
419,394,1,1,AMMC_L
419,559,2,1,AMMC_L
419,432,8,1,AMMC_L
419,568,4,1,AVLP_R;WED_R
419,576,34,1,AVLP_L;WED_L
419,580,13,1,AMMC_L;SAD
419,582,3,1,WED_L
419,600,2,1,AVLP_L;WED_L
419,602,2,1,AMMC_L
419,450,1,1,AMMC_L
419,611,1,1,AVLP_R
419,452,1,1,AMMC_L
419,633,2,1,SAD
419,634,6,1,AMMC_L;SAD
419,648,40,1,AMMC_L;AVLP_L;WED_L
419,461,1,1,WED_R
419,463,1,1,SAD
419,665,60,1,AMMC_L;AVLP_L;WED_L
419,675,1,1,WED_L
419,677,22,1,AMMC_L;AVLP_L;AVLP_R;SAD;WED_L;WED_R
419,679,8,1,AMMC_L;AVLP_L;WED_L
419,680,1,1,AVLP_L
419,689,4,1,AMMC_L
419,690,14,1,AMMC_L;AVLP_L;WED_L
419,700,68,1,AMMC_L;AVLP_L;AVLP_R;SAD;WED_L;WED_R
419,472,1,1,AVLP_R
419,706,5,1,AVLP_L;SAD;WED_L
419,479,1,1,AMMC_L
419,730,6,1,AMMC_L
145,408,3,1,AMMC_R
145,416,2,1,AMMC_R
145,420,5,1,AMMC_R
145,555,4,1,AMMC_R;SAD
145,188,2,1,SAD
145,577,1,1,SAD
145,583,3,1,AMMC_R
145,241,1,1,AMMC_R
145,607,1,1,AMMC_R
145,457,3,1,AMMC_R;SAD
145,310,1,1,SAD
145,320,1,1,AMMC_R
145,358,1,1,AMMC_R
145,474,1,1,SAD
145,713,3,1,AMMC_R;SAD
146,420,2,0,AMMC_R
146,457,1,0,AMMC_R
147,495,14,1,AMMC_R;SAD
147,415,2,1,SAD
147,420,21,1,AMMC_R;SAD
147,580,2,1,SAD
147,583,11,1,AMMC_R;SAD
147,618,1,1,SAD
147,469,9,1,AMMC_R;SAD
147,729,4,1,SAD
523,511,1,-1,AVLP_L
523,512,1,-1,AVLP_L
523,659,1,-1,ICL_L
523,727,1,-1,PVLP_L
524,670,1,-1,WED_R
525,494,1,1,AVLP_L
525,518,1,1,AVLP_L
525,393,6,1,AMMC_L;AVLP_L;PVLP_L
525,648,1,1,AVLP_L
525,676,1,1,PVLP_L
149,262,1,-1,SAD
149,456,1,-1,SAD
150,495,1,1,AMMC_L
150,506,5,1,AMMC_L;SAD
150,425,8,1,AMMC_L;SAD
150,427,4,1,AMMC_L;SAD
150,432,2,1,AMMC_L;SAD
150,212,1,1,AMMC_L
150,442,17,1,AMMC_L;SAD
150,485,4,1,AMMC_L
150,456,3,1,AMMC_L
150,459,8,1,AMMC_L;SAD
150,460,6,1,AMMC_L;SAD
150,486,1,1,SAD
150,463,6,1,AMMC_L;SAD
150,470,9,1,AMMC_L;SAD
150,471,3,1,AMMC_L
150,357,1,1,AMMC_L
11,487,6,1,AMMC_R;AVLP_R
11,489,7,1,AMMC_R;SAD
11,15,4,1,AMMC_R;AVLP_R
11,555,3,1,AMMC_R;AVLP_R
11,564,8,1,AMMC_R;AVLP_R
11,566,7,1,AMMC_R
11,568,2,1,AVLP_R
11,580,9,1,AMMC_R;SAD
11,40,1,1,SAD
11,583,25,1,AMMC_R;AVLP_R;SAD
11,41,1,1,AMMC_R
11,607,10,1,AMMC_R;SAD
11,50,1,1,SAD
11,633,1,1,SAD
11,677,4,1,AMMC_R;AVLP_R;SAD
11,398,3,1,SAD
11,687,5,1,AMMC_R;SAD
11,696,5,1,AMMC_R;AVLP_R
11,700,19,1,AMMC_R;AVLP_R;SAD
11,399,15,1,AMMC_R;AVLP_R;SAD
11,713,3,1,AMMC_R
11,91,1,1,AVLP_R
482,402,25,-1,AMMC_R;SAD
482,404,67,-1,AMMC_R;SAD
482,406,17,-1,AMMC_R;SAD
482,408,3,-1,AMMC_R;SAD
482,409,10,-1,AMMC_R;SAD
482,414,83,-1,AMMC_R;SAD
482,416,5,-1,SAD
482,418,72,-1,AMMC_R;SAD
482,421,77,-1,AMMC_R;SAD
482,423,12,-1,AMMC_R;SAD
482,434,67,-1,AMMC_R;SAD
482,205,1,-1,AMMC_R
482,236,1,-1,SAD
482,239,2,-1,AMMC_R
482,446,12,-1,AMMC_R;SAD
482,449,10,-1,SAD
482,461,58,-1,AMMC_R;SAD
482,467,8,-1,AMMC_R;SAD
482,469,6,-1,AMMC_R;SAD
482,344,1,-1,SAD
482,474,2,-1,AMMC_R;SAD
482,476,52,-1,AMMC_R;SAD
420,489,10,1,AMMC_R;SAD
420,495,1,1,SAD
420,408,1,1,SAD
420,415,2,1,SAD;WED_R
420,393,9,1,PVLP_L
420,418,2,1,GNG
420,394,8,1,PVLP_L
420,177,1,1,AMMC_R
420,395,23,1,AMMC_R;AVLP_R;PVLP_R;SAD
420,434,1,1,GNG
420,571,1,1,SAD
420,580,7,1,AMMC_R;SAD
420,602,3,1,PVLP_L
420,633,14,1,AMMC_R;GNG;SAD
420,634,5,1,PVLP_L
420,456,5,1,AVLP_R;PVLP_L
420,278,1,1,AMMC_R
420,654,3,1,PVLP_L
420,396,30,1,PVLP_R;SAD
420,397,45,1,AMMC_R;AVLP_R;PVLP_R;SAD
420,687,31,1,AMMC_R;GNG;SAD
420,693,1,1,PVLP_L
420,713,43,1,AMMC_R;GNG;SAD
420,730,15,1,PVLP_L
421,495,10,1,SAD;WED_R
421,414,1,1,AMMC_R
421,548,34,1,SAD;WED_R
421,595,2,1,SAD
421,445,3,1,AMMC_R;SAD
421,446,1,1,WED_R
421,610,1,1,WED_R
421,637,1,1,WED_R
421,460,1,1,WED_R
421,469,2,1,WED_R
151,495,11,1,AMMC_R;SAD
151,106,1,1,SAD
151,510,34,1,AMMC_R;SAD
151,415,9,1,AMMC_R;SAD
151,527,2,1,SAD
151,548,4,1,SAD
151,583,3,1,AMMC_R;SAD
151,232,1,1,SAD
151,275,3,1,AMMC_R;SAD
151,469,3,1,AMMC_R;SAD
526,635,1,1,AVLP_L
152,583,2,1,AMMC_R
152,289,1,1,AMMC_R
152,677,5,1,AMMC_R;SAD
12,398,2,-1,AMMC_L;SAD
12,700,1,-1,AVLP_L
153,313,1,0,AMMC_R
154,274,1,0,SAD
155,9,3,1,SAD
155,548,4,1,SAD
155,580,5,1,SAD
155,583,1,1,SAD
155,66,1,1,AMMC_R
155,677,5,1,AMMC_R;SAD
155,700,5,1,SAD
156,495,2,1,AMMC_R;SAD
156,121,2,1,SAD
156,510,3,1,AMMC_R;SAD
156,415,10,1,AMMC_R;SAD
156,420,1,1,AMMC_R
156,548,3,1,AMMC_R;SAD
156,583,1,1,AMMC_R
156,445,12,1,AMMC_R;SAD
156,469,18,1,AMMC_R;SAD
156,473,4,1,AMMC_R;SAD
157,495,4,1,AMMC_L
157,517,4,1,SAD
157,422,3,1,SAD
157,430,13,1,AMMC_L;SAD;WED_L
157,444,13,1,AMMC_L;SAD;WED_L
157,452,14,1,SAD
157,454,16,1,AMMC_L;SAD
157,464,7,1,AMMC_L;SAD
157,689,1,1,AMMC_L
157,470,2,1,SAD
157,478,11,1,SAD;WED_L
158,435,1,-1,AMMC_L
13,493,3,0,AMMC_R
13,406,2,0,AMMC_R
13,410,2,0,AMMC_R
13,422,2,0,AMMC_R
13,580,5,0,AMMC_R
13,583,6,0,AMMC_R
13,607,9,0,AMMC_R
13,633,2,0,AMMC_R
13,687,1,0,AMMC_R
13,474,1,0,AMMC_R
13,721,5,0,AMMC_R
527,510,1,-1,SAD
527,414,2,-1,SAD
527,416,3,-1,AMMC_R
527,420,20,-1,AMMC_R;SAD;WED_R
527,543,1,-1,WED_R
527,545,3,-1,WED_R
527,571,1,-1,SAD
527,595,2,-1,WED_R
527,445,1,-1,SAD
527,601,14,-1,PLP_R;WED_R
527,610,5,-1,WED_R
527,452,12,-1,WED_R
527,454,16,-1,WED_R
527,622,1,-1,WED_R
527,637,3,-1,WED_R
527,459,1,-1,AMMC_L
527,465,4,-1,AMMC_R
527,478,26,-1,SAD;WED_R
14,410,1,0,AMMC_R
14,580,4,0,AMMC_R
14,607,3,0,AMMC_R
14,465,2,0,AMMC_R
14,474,3,0,AMMC_R
14,721,1,0,AMMC_R
422,393,1,1,SAD
422,421,8,1,SAD;WED_R
422,394,1,1,SAD
422,548,2,1,WED_R
422,555,1,1,SAD
422,395,11,1,AMMC_R;AVLP_R;PVLP_R;SAD
422,432,1,1,AVLP_R
422,571,3,1,SAD;WED_R
422,577,4,1,WED_R
422,233,1,1,AMMC_L
422,595,1,1,SAD
422,607,8,1,AMMC_R
422,448,1,1,SAD
422,610,7,1,PVLP_R;SAD;WED_R
422,633,1,1,AMMC_R
422,637,2,1,SAD;WED_R
422,648,3,1,SAD
422,654,3,1,SAD
422,673,5,1,SAD;WED_R
422,396,4,1,SAD
422,397,8,1,AMMC_R;PVLP_R;SAD
15,487,1,1,AMMC_R
15,489,1,1,AMMC_R
15,555,1,1,AMMC_R
15,564,3,1,AMMC_R
15,566,4,1,AMMC_R;AVLP_R
15,568,1,1,AMMC_R
15,580,9,1,AMMC_R;AVLP_R;SAD
15,583,6,1,AMMC_R;AVLP_R
15,607,2,1,AMMC_R
15,677,1,1,AMMC_R
15,687,1,1,AMMC_R
15,700,3,1,AMMC_R;AVLP_R
15,399,1,1,SAD
15,713,1,1,AMMC_R
528,592,4,1,GOR_L;ICL_L
528,631,2,1,GOR_L;SIP_L
528,649,1,1,ICL_R
528,682,1,1,ICL_R
528,695,1,1,GOR_L
528,699,1,1,GOR_L
528,704,1,1,GOR_L
528,705,3,1,ICL_L;ICL_R
528,716,1,1,ICL_L
16,583,1,1,AVLP_L
423,489,4,1,AMMC_R;SAD
423,402,1,1,SAD
423,404,1,1,AMMC_R
423,409,2,1,PVLP_L;SAD
423,393,31,1,AVLP_L;PVLP_L;SAD
423,420,1,1,SAD
423,394,13,1,AMMC_L;PVLP_L
423,395,4,1,AMMC_R;SAD
423,432,23,1,AMMC_L;SAD;WED_L
423,571,10,1,SAD
423,577,1,1,SAD
423,580,7,1,AMMC_R;SAD;WED_R
423,588,2,1,WED_L
423,444,2,1,WED_L
423,602,2,1,WED_L
423,633,8,1,AMMC_L;AMMC_R;SAD
423,654,2,1,WED_L
423,396,4,1,SAD
423,397,5,1,AMMC_R;SAD
423,687,5,1,SAD
423,713,12,1,AMMC_L;AMMC_R;GNG;SAD
424,489,9,1,AMMC_L
424,495,1,1,AMMC_L
424,404,2,1,AVLP_R;WED_L
424,517,8,1,AMMC_L
424,393,3,1,AMMC_L
424,417,2,1,WED_L
424,394,2,1,AMMC_L
424,429,1,1,WED_L
424,431,1,1,AMMC_L
424,435,1,1,WED_R
424,571,3,1,AVLP_R;WED_R
424,438,1,1,WED_R
424,576,58,1,AMMC_L;AVLP_L;WED_L
424,580,30,1,AMMC_L;GNG;SAD;WED_R
424,582,1,1,WED_L
424,596,3,1,WED_L
424,602,41,1,AMMC_L;AVLP_L;GNG;SAD;WED_L
424,448,5,1,AMMC_L;AVLP_R;SAD;WED_L
424,611,10,1,AVLP_R
424,613,1,1,AMMC_L
424,618,6,1,AVLP_R;WED_R
424,633,6,1,AMMC_L
424,634,65,1,AMMC_L;SAD;WED_L
424,456,1,1,AMMC_L
424,637,5,1,AVLP_R;WED_R
424,644,2,1,AMMC_L
424,648,68,1,AMMC_L;AVLP_L;SAD;WED_L
424,654,9,1,AMMC_L;WED_L
424,461,4,1,AVLP_R;WED_L;WED_R
424,661,82,1,AMMC_L;AVLP_L;WED_L
424,665,23,1,AVLP_L;WED_L
424,667,2,1,AVLP_R
424,675,7,1,AMMC_L;AVLP_L;WED_L
424,677,11,1,AMMC_L;AVLP_L;AVLP_R;WED_L;WED_R
424,685,2,1,AVLP_R
424,688,1,1,GNG
424,689,2,1,AMMC_L
424,693,1,1,AMMC_L
424,700,53,1,AVLP_L;AVLP_R;WED_L;WED_R
424,472,1,1,AMMC_L
424,712,1,1,WED_L
424,713,1,1,AMMC_L
424,476,1,1,WED_L
424,721,1,1,AMMC_L
424,722,3,1,AMMC_L;SAD
424,479,2,1,AMMC_L
424,730,91,1,AMMC_L;AVLP_L;SAD;WED_L
163,419,1,1,AMMC_L
163,444,1,1,AMMC_L
163,464,1,1,AMMC_L
163,470,1,1,AMMC_L
163,478,1,1,AMMC_L
17,487,1,1,AVLP_R
17,493,4,1,AMMC_R
17,607,2,1,AMMC_R
17,700,4,1,AVLP_R
17,85,1,1,AMMC_R
18,687,1,1,AMMC_L
18,399,1,1,WED_L
529,521,1,1,AVLP_R
529,557,1,1,AVLP_R
529,570,2,1,AVLP_R
529,572,1,1,AVLP_R
529,638,2,1,SLP_R
529,660,4,1,AVLP_R
529,671,1,1,SCL_R
529,710,1,1,SLP_R
19,493,1,1,AMMC_R
19,495,8,1,AMMC_R;SAD
19,5,2,1,SAD
19,548,2,1,AVLP_R;SAD
19,555,9,1,AMMC_R;AVLP_R;SAD
19,45,1,1,SAD
19,607,5,1,AMMC_R;SAD
19,673,6,1,AMMC_R;AVLP_R;SAD
19,700,18,1,AMMC_R;AVLP_R;SAD
19,91,1,1,SAD
530,586,4,-1,AVLP_R
530,625,8,-1,AVLP_R;PVLP_R
530,668,1,-1,PVLP_R
530,672,3,-1,AVLP_L;AVLP_R;PVLP_L
530,396,1,-1,AVLP_R
530,702,1,-1,PVLP_L
530,714,1,-1,AVLP_L
164,489,1,1,AMMC_L
164,495,6,1,AMMC_L
164,417,3,1,AMMC_L
164,419,1,1,AMMC_L
164,482,1,1,AMMC_L
164,430,3,1,AMMC_L
164,435,1,1,AMMC_L
164,439,1,1,AMMC_L
164,580,2,1,AMMC_L
164,583,4,1,AMMC_L
164,444,2,1,AMMC_L
164,448,1,1,AMMC_L
164,450,2,1,AMMC_L
164,452,2,1,AMMC_L
164,456,1,1,AMMC_L
164,330,1,1,AMMC_L
164,478,6,1,AMMC_L;SAD
425,416,1,1,WED_L
425,531,1,1,WED_L
425,536,1,1,WED_R
425,543,5,1,WED_R
425,545,1,1,WED_R
425,548,2,1,WED_R
425,431,1,1,SAD
425,442,1,1,WED_R
425,588,6,1,WED_L
425,595,1,1,WED_R
425,604,3,1,WED_R
425,606,5,1,AVLP_L;SAD;WED_L
425,622,15,1,WED_R
425,470,4,1,AVLP_L
425,480,1,1,SAD
531,527,1,-1,IPS_L
531,599,1,-1,LAL_L
531,629,1,-1,IPS_L
20,410,1,1,AMMC_R
20,583,1,1,AMMC_R
20,474,1,1,AMMC_R
532,537,1,-1,AVLP_R
532,551,1,-1,AVLP_R
532,553,1,-1,AVLP_R
165,98,1,-1,AMMC_L
426,576,4,1,WED_L
426,648,2,1,WED_L
426,679,1,1,WED_L
426,690,1,1,WED_L
426,700,2,1,WED_L
166,403,1,0,AMMC_L
166,495,4,0,AMMC_L
166,413,4,0,AMMC_L
166,482,1,0,AMMC_L
166,424,1,0,AMMC_L
166,394,2,0,AMMC_L
166,427,3,0,AMMC_L
166,436,6,0,AMMC_L
166,580,1,0,AMMC_L
166,583,3,0,AMMC_L
166,456,2,0,AMMC_L
166,687,1,0,AMMC_L
166,472,1,0,AMMC_L
166,387,1,0,AMMC_L
533,514,15,1,AVLP_R;EPA_R;ICL_R
533,520,1,1,AVLP_R
533,569,5,1,AVLP_R;BU_R;ICL_R;SIP_R
533,643,3,1,ICL_R;SCL_R
533,653,7,1,AVLP_R;SCL_R;VES_R
533,669,18,1,AVLP_R;EPA_R;LAL_R
533,699,1,1,SIP_R
533,703,4,1,AVLP_R;EPA_R
533,728,9,1,AVLP_R;EPA_R;ICL_R
534,493,5,-1,AMMC_L
534,97,3,-1,AMMC_L;SAD
534,403,2,-1,AMMC_L;SAD
534,3,3,-1,SAD
534,6,1,-1,SAD
534,127,1,-1,AMMC_L
534,131,9,-1,AMMC_L
534,10,4,-1,AMMC_L;SAD
534,413,2,-1,AMMC_L
534,417,2,-1,AMMC_L
534,138,6,-1,SAD
534,139,1,-1,AMMC_L
534,141,4,-1,SAD
534,482,2,-1,AMMC_L
534,12,2,-1,AMMC_L
534,154,1,-1,SAD
534,157,2,-1,SAD
534,16,3,-1,AMMC_L
534,424,3,-1,AMMC_L
534,18,2,-1,AMMC_L
534,167,2,-1,AMMC_L
534,180,5,-1,AMMC_L
534,184,2,-1,AMMC_L
534,25,1,-1,AMMC_L
534,26,2,-1,AMMC_L;SAD
534,193,1,-1,SAD
534,195,1,-1,AMMC_L
534,34,1,-1,SAD
534,574,2,-1,SAD
534,439,2,-1,SAD
534,212,4,-1,AMMC_L
534,215,2,-1,SAD
534,583,4,-1,AMMC_L;SAD
534,225,1,-1,AMMC_L
534,233,1,-1,SAD
534,244,1,-1,AMMC_L
534,49,1,-1,AMMC_L
534,250,2,-1,SAD
534,251,1,-1,AMMC_L
534,53,2,-1,AMMC_L
534,56,1,-1,SAD
534,256,1,-1,AMMC_L
534,62,2,-1,AMMC_L
534,63,2,-1,AMMC_L;SAD
534,458,1,-1,SAD
534,272,2,-1,AMMC_L
534,644,2,-1,GNG
534,67,5,-1,AMMC_L
534,276,2,-1,AMMC_L
534,69,1,-1,AMMC_L
534,462,2,-1,SAD
534,285,2,-1,SAD
534,286,1,-1,AMMC_L
534,287,1,-1,SAD
534,288,1,-1,AMMC_L
534,302,2,-1,AMMC_L
534,306,2,-1,SAD
534,677,1,-1,SAD
534,77,3,-1,AMMC_L;SAD
534,322,3,-1,AMMC_L
534,398,1,-1,AMMC_L
534,80,2,-1,AMMC_L
534,327,4,-1,AMMC_L;SAD
534,690,1,-1,AMMC_L
534,470,1,-1,AMMC_L
534,334,1,-1,AMMC_L
534,700,2,-1,AMMC_L;SAD
534,472,2,-1,AMMC_L
534,86,3,-1,AMMC_L
534,349,1,-1,AMMC_L
534,353,1,-1,AMMC_L
534,357,2,-1,AMMC_L;SAD
534,375,4,-1,AMMC_L;SAD
534,92,1,-1,SAD
534,721,4,-1,AMMC_L;SAD
534,387,1,-1,AMMC_L
534,389,2,-1,AMMC_L
534,390,1,-1,AMMC_L
21,406,1,0,AMMC_R
21,7,3,0,AMMC_R
21,410,2,0,AMMC_R
21,28,1,0,AMMC_R
21,583,1,0,AMMC_R
21,474,1,0,AMMC_R
21,713,2,0,AMMC_R
22,489,1,0,AMMC_R
22,495,11,0,AMMC_R
22,583,4,0,AMMC_R
22,607,6,0,AMMC_R
22,78,1,0,AMMC_R
536,510,2,-1,WED_R
536,524,2,-1,WED_R
536,445,3,-1,IPS_R;WED_R
536,457,2,-1,WED_R
536,683,1,-1,WED_R
537,488,1,-1,ICL_R
537,532,1,-1,AVLP_R
537,547,1,-1,ICL_R
537,551,3,-1,ICL_R
537,562,1,-1,ICL_R
537,571,1,-1,AVLP_R
537,617,1,-1,ICL_R
537,637,2,-1,AVLP_R
537,396,1,-1,SAD
538,509,1,-1,WED_R
538,543,7,-1,IPS_R;WED_R
538,595,5,-1,IPS_R;WED_R
538,652,2,-1,WED_R
539,402,11,-1,AMMC_R;AVLP_R;SAD;WED_R
539,495,19,-1,AMMC_R;SAD;WED_R
539,415,20,-1,AMMC_R;AVLP_R;SAD;WED_R
539,147,1,-1,SAD
539,148,1,-1,SAD
539,423,3,-1,AMMC_R;SAD
539,540,39,-1,AMMC_R;AVLP_R;SAD;WED_R
539,428,1,-1,WED_R
539,189,1,-1,SAD
539,569,2,-1,AVLP_R
539,571,2,-1,AMMC_R
539,439,3,-1,WED_R
539,440,4,-1,AVLP_R;WED_R
539,583,6,-1,SAD
539,444,1,-1,WED_R
539,446,14,-1,AMMC_R;AVLP_R;SAD;WED_R
539,604,5,-1,AVLP_R;WED_R
539,618,25,-1,AMMC_R;AVLP_R;SAD;WED_R
539,622,2,-1,AVLP_R;WED_R
539,637,4,-1,SAD;WED_R
539,269,1,-1,AMMC_R
539,464,1,-1,AVLP_R
539,308,3,-1,AMMC_R;SAD
539,467,5,-1,AMMC_R;WED_R
539,471,3,-1,AVLP_R;WED_R
539,700,1,-1,AVLP_R
539,344,2,-1,AMMC_R
539,371,1,-1,SAD
539,729,17,-1,AMMC_R;AVLP_R;SAD;WED_R
540,402,12,-1,AMMC_R;AVLP_R;SAD;WED_R
540,495,5,-1,AMMC_R;SAD
540,404,2,-1,AMMC_R;SAD
540,121,1,-1,AMMC_R
540,409,1,-1,SAD
540,415,26,-1,AMMC_R;SAD;WED_R
540,146,1,-1,AMMC_R
540,147,1,-1,AMMC_R
540,148,1,-1,SAD
540,420,1,-1,AMMC_R
540,423,1,-1,AMMC_R
540,539,22,-1,AMMC_R;AVLP_R;SAD;WED_R
540,182,1,-1,SAD
540,186,2,-1,AMMC_R
540,189,2,-1,SAD
540,569,2,-1,AVLP_R
540,571,2,-1,AVLP_R;WED_R
540,439,5,-1,AVLP_R;WED_R
540,583,7,-1,AMMC_R;SAD
540,226,1,-1,AMMC_R
540,444,2,-1,AVLP_R;WED_R
540,236,1,-1,SAD
540,445,1,-1,SAD
540,446,9,-1,AMMC_R;AVLP_R;SAD;WED_R
540,604,6,-1,AVLP_R;SAD;WED_R
540,617,1,-1,WED_R
540,618,26,-1,AVLP_R;SAD;WED_R
540,622,1,-1,AVLP_R
540,637,5,-1,AVLP_R;WED_R
540,269,2,-1,AMMC_R
540,461,1,-1,AVLP_R
540,467,6,-1,AMMC_R;SAD
540,471,10,-1,AVLP_R;WED_R
540,700,1,-1,WED_R
540,342,1,-1,SAD
540,344,3,-1,AMMC_R
540,354,2,-1,AMMC_R
540,374,1,-1,SAD
540,729,24,-1,AVLP_R;SAD;WED_R
394,489,1,1,AMMC_L
394,493,1,1,AMMC_L
394,495,1,1,AMMC_L
394,406,3,1,PVLP_L
394,410,1,1,PVLP_L
394,525,1,1,AMMC_L
394,427,1,1,AMMC_L
394,573,1,1,AMMC_L
394,602,1,1,AMMC_L
394,609,1,1,PVLP_L
394,452,2,1,AMMC_L
394,633,1,1,AMMC_L
394,456,5,1,AMMC_L
394,665,1,1,WED_L
394,464,1,1,AMMC_L
394,677,1,1,SAD
394,690,1,1,AMMC_L
394,693,3,1,AMMC_L;PVLP_L
394,474,1,1,SAD
394,713,3,1,AMMC_L
394,478,1,1,SAD
170,404,1,1,SAD
170,414,2,1,SAD
170,481,6,1,SAD
170,416,1,1,SAD
170,418,7,1,SAD
170,421,1,1,SAD
170,434,2,1,SAD
170,483,2,1,SAD
170,446,4,1,SAD
170,673,1,1,SAD
170,467,3,1,SAD
171,103,1,1,AMMC_R
171,112,1,1,AMMC_R
171,408,4,1,AMMC_R
171,416,4,1,AMMC_R
171,420,1,1,AMMC_R
171,555,1,1,AMMC_R
171,607,3,1,AMMC_R
171,252,1,1,AMMC_R
171,358,1,1,AMMC_R
171,368,1,1,AMMC_R
171,380,1,1,AMMC_R
541,536,1,-1,WED_R
541,670,2,-1,IPS_R;WED_R
541,718,1,-1,WED_R
172,417,1,-1,AMMC_L
542,487,9,1,AVLP_R
542,492,2,1,AVLP_R
542,500,1,1,AVLP_R
542,507,5,1,AVLP_R
542,557,1,1,AVLP_R
542,563,1,1,AVLP_R
542,564,13,1,AVLP_R
542,565,5,1,AVLP_R
542,566,12,1,AVLP_R
542,568,2,1,AVLP_R
542,583,4,1,AVLP_R
542,615,3,1,AVLP_R
542,619,4,1,AVLP_R
542,641,10,1,AVLP_R
542,667,8,1,AVLP_R
542,685,8,1,AVLP_R
542,696,1,1,AVLP_R
542,701,1,1,AVLP_R
542,720,2,1,AVLP_R
542,726,2,1,AVLP_R
173,402,8,1,AMMC_R;SAD
173,404,5,1,AMMC_R;SAD
173,410,1,1,AMMC_R
173,418,1,1,SAD
173,548,1,1,SAD
173,555,6,1,AMMC_R
173,446,3,1,SAD
173,607,1,1,SAD
173,652,1,1,SAD
173,673,1,1,AMMC_R
173,324,4,1,AMMC_R;SAD
173,467,3,1,SAD
173,468,1,1,AMMC_R
173,473,3,1,SAD
173,474,3,1,SAD
543,531,6,1,WED_L
543,536,2,1,IPS_R;WED_R
543,541,1,1,IPS_R
543,588,2,1,WED_L
543,595,2,1,IPS_L;WED_R
543,604,1,1,WED_R
543,606,12,1,IPS_L;PLP_L;WED_L
543,610,1,1,LH_R
543,613,3,1,WED_L
543,622,6,1,SMP_R;WED_R
543,663,1,1,WED_R
543,670,3,1,WED_R
543,479,1,1,SAD
427,488,1,1,PVLP_R
427,495,2,1,SAD
427,503,7,1,SAD
427,409,6,1,SAD
427,393,11,1,AMMC_L;SAD
427,539,3,1,AVLP_R
427,540,7,1,SAD;WED_R
427,394,2,1,AMMC_L
427,543,12,1,AVLP_R;PVLP_R;SAD;WED_R
427,548,21,1,AVLP_R;SAD;WED_R
427,428,1,1,SAD
427,558,1,1,WED_L
427,431,1,1,AMMC_L
427,434,1,1,SAD
427,571,39,1,AVLP_R;PVLP_R;SAD;WED_R
427,573,1,1,GNG
427,576,1,1,WED_L
427,577,4,1,WED_R
427,440,2,1,AMMC_L;SAD
427,588,8,1,WED_L
427,591,1,1,GNG
427,595,1,1,WED_R
427,602,17,1,AMMC_L;SAD;WED_L
427,604,1,1,AVLP_R
427,617,3,1,AVLP_R;WED_R
427,622,3,1,WED_R
427,634,4,1,AMMC_L;SAD;WED_L
427,456,1,1,SAD
427,637,19,1,AVLP_R;SAD;WED_R
427,460,1,1,GNG
427,654,8,1,AMMC_L;PVLP_L;WED_L
427,659,1,1,WED_L
427,464,1,1,SAD
427,687,1,1,AMMC_L
427,688,2,1,WED_L
427,693,1,1,AMMC_L
427,712,1,1,WED_L
427,722,6,1,SAD
427,479,2,1,AMMC_L;SAD
427,729,7,1,WED_R
427,730,6,1,PVLP_L;WED_L
174,464,1,1,SAD
544,526,1,1,PLP_L
544,546,1,1,ICL_R
544,559,3,1,ICL_L
544,589,1,1,ICL_L
544,590,2,1,ICL_R
544,592,1,1,GOR_L
544,698,1,1,AVLP_L
544,714,4,1,AVLP_L
544,716,5,1,AVLP_L;ICL_L
175,484,1,0,AMMC_R
175,340,1,0,AMMC_R
176,114,1,0,AMMC_R
176,190,1,0,AMMC_R
545,509,1,-1,WED_R
545,543,11,-1,IPS_R;WED_R
545,595,13,-1,IPS_R;WED_R
545,622,4,-1,WED_R
545,652,3,-1,WED_R
177,402,4,1,AMMC_R;SAD
177,495,11,1,AMMC_R;SAD
177,404,4,1,AMMC_R;SAD
177,406,2,1,SAD
177,409,1,1,AMMC_R
177,410,4,1,AMMC_R;SAD
177,418,4,1,AMMC_R;SAD
177,583,4,1,SAD
177,446,5,1,AMMC_R;SAD
177,673,2,1,SAD
177,308,1,1,SAD
177,467,5,1,AMMC_R;SAD
177,474,8,1,AMMC_R;SAD
178,495,1,1,AMMC_R
178,112,1,1,AMMC_R
178,408,3,1,AMMC_R
178,411,2,1,AMMC_R;SAD
178,416,10,1,AMMC_R
178,420,8,1,AMMC_R;SAD
178,555,1,1,AMMC_R
178,445,1,1,AMMC_R
178,241,1,1,AMMC_R
178,465,3,1,AMMC_R
546,587,2,1,ICL_R
546,590,1,1,ICL_R
546,626,1,1,ICL_R
546,646,3,1,AVLP_R
546,660,3,1,GOR_R;ICL_R
179,402,1,1,AMMC_R
179,423,2,1,AMMC_R
179,160,3,1,AMMC_R
179,241,4,1,AMMC_R
179,607,1,1,AMMC_R
179,469,14,1,AMMC_R
179,473,2,1,AMMC_R
547,551,2,-1,AVLP_R;PLP_R
547,562,2,-1,AVLP_R;ICL_R
547,571,1,-1,AVLP_R
547,617,1,-1,GOR_R
548,489,5,-1,AMMC_R;SAD
548,402,1,-1,AMMC_R
548,495,14,-1,AMMC_R;SAD;WED_R
548,404,1,-1,AMMC_R
548,114,2,-1,AMMC_R
548,118,4,-1,AMMC_R
548,119,1,-1,AMMC_R
548,120,2,-1,AMMC_R
548,121,6,-1,AMMC_R;SAD
548,411,2,-1,SAD;WED_R
548,147,2,-1,SAD
548,482,3,-1,SAD
548,420,33,-1,AMMC_R;SAD;WED_R
548,421,12,-1,SAD;WED_R
548,156,1,-1,AMMC_R
548,537,1,-1,SAD
548,182,4,-1,SAD
548,189,7,-1,AMMC_R;SAD
548,190,4,-1,AMMC_R
548,434,6,-1,AMMC_R;SAD;WED_R
548,31,2,-1,SAD
548,198,1,-1,SAD
548,580,11,-1,AMMC_R;SAD
548,583,1,-1,SAD
548,43,2,-1,AMMC_R;SAD
548,232,1,-1,SAD
548,236,2,-1,SAD
548,47,1,-1,SAD
548,617,1,-1,WED_R
548,257,6,-1,SAD
548,637,3,-1,SAD
548,273,1,-1,SAD
548,66,1,-1,SAD
548,275,1,-1,SAD
548,294,1,-1,SAD
548,673,1,-1,SAD
548,76,1,-1,AMMC_R
548,465,4,-1,SAD
548,305,1,-1,SAD
548,308,1,-1,AMMC_R
548,677,3,-1,AMMC_R;AVLP_R;SAD
548,314,2,-1,AMMC_R
548,329,1,-1,SAD
548,469,10,-1,AMMC_R;SAD;WED_R
548,470,3,-1,SAD;WED_R
548,344,3,-1,SAD
548,356,1,-1,AMMC_R
548,372,2,-1,SAD
548,386,5,-1,SAD
180,425,2,1,AMMC_L;SAD
180,442,1,1,AMMC_L
180,485,1,1,AMMC_L
180,327,1,1,AMMC_L
549,490,1,1,AVLP_L
549,502,1,1,AVLP_L
549,511,1,1,PVLP_L
549,513,1,1,SIP_L
549,516,2,1,AVLP_L
549,521,1,1,PVLP_L
549,593,3,1,AVLP_L
549,605,1,1,AVLP_L
549,616,1,1,AVLP_L
549,624,2,1,SCL_L
549,664,1,1,SIP_L
549,666,2,1,AVLP_L
549,695,2,1,SCL_L;SIP_L
549,717,1,1,SLP_L
549,725,4,1,AVLP_L;SCL_L
550,563,1,-1,SIP_R
550,643,4,-1,SIP_R
550,649,1,-1,SIP_R
550,664,5,-1,SIP_L;SIP_R
550,682,1,-1,SIP_R
550,701,3,-1,SIP_L;SIP_R
550,707,2,-1,SIP_L
550,720,2,-1,SIP_L;SIP_R
182,540,1,1,AMMC_R
551,488,2,-1,AVLP_R
551,532,3,-1,AVLP_R;LH_R
551,537,1,-1,GOR_R
551,547,3,-1,AVLP_R;ICL_R
551,562,1,-1,PLP_R
551,617,3,-1,AVLP_R;ICL_R
23,398,3,1,AMMC_L
23,399,2,1,AMMC_L
184,506,1,1,AMMC_L
184,424,3,1,AMMC_L
184,425,2,1,AMMC_L
184,427,2,1,AMMC_L
184,429,2,1,AMMC_L
184,442,4,1,AMMC_L
184,456,2,1,AMMC_L;SAD
184,322,1,1,AMMC_L
184,470,1,1,AMMC_L
184,471,1,1,AMMC_L
184,721,1,1,AMMC_L
552,414,1,-1,WED_L
552,425,1,-1,SAD
552,561,1,-1,IPS_L
552,606,7,-1,IPS_L;WED_L
552,640,3,-1,IPS_L;LH_L;PLP_L
553,570,1,1,SCL_L
553,616,1,1,AVLP_L
553,628,1,1,AVLP_R
553,684,1,1,AVLP_L
553,692,1,1,AVLP_R
553,709,1,1,AVLP_R
553,710,1,1,AVLP_R
24,495,4,0,AMMC_R
24,583,2,0,AMMC_R
24,607,1,0,AMMC_R
185,226,1,-1,SAD
554,629,7,-1,PLP_L
554,659,1,-1,PLP_L
428,503,1,1,WED_L
428,517,1,1,SAD
428,415,5,1,WED_L;WED_R
428,539,12,1,WED_R
428,540,1,1,WED_R
428,427,2,1,SAD
428,571,13,1,AVLP_R;PVLP_R;WED_R
428,440,2,1,WED_L;WED_R
428,588,46,1,PVLP_L;SAD;WED_L
428,592,6,1,WED_L
428,596,26,1,AMMC_L;PVLP_L;SAD;WED_L
428,446,1,1,SPS_R
428,604,10,1,AVLP_R;WED_R
428,622,10,1,AVLP_R;WED_R
428,262,1,1,SAD
428,634,1,1,SAD
428,637,2,1,WED_R
428,660,7,1,AVLP_R;WED_R
428,661,1,1,WED_L
428,688,3,1,SAD;WED_L
428,469,1,1,WED_R
428,471,2,1,SAD;WED_L
428,700,1,1,WED_L
428,712,50,1,SAD;WED_L
428,729,39,1,AVLP_R;WED_R
555,489,5,-1,AMMC_R;SAD
555,402,1,-1,AMMC_R
555,493,1,-1,AMMC_R
555,495,29,-1,AMMC_R;SAD
555,404,4,-1,AMMC_R;SAD
555,111,2,-1,AMMC_R
555,409,9,-1,AMMC_R;SAD
555,508,4,-1,AVLP_R;WED_R
555,414,1,-1,AMMC_R
555,423,2,-1,AMMC_R
555,178,1,-1,AMMC_R
555,395,1,-1,AMMC_R
555,564,2,-1,SAD
555,205,2,-1,AMMC_R
555,580,4,-1,AMMC_R;SAD
555,583,31,-1,AMMC_R;SAD;WED_R
555,446,1,-1,SAD
555,611,9,-1,WED_R
555,633,2,-1,AMMC_R
555,317,1,-1,AMMC_R
555,398,3,-1,SAD
555,687,46,-1,AMMC_R;AVLP_R;SAD
555,340,1,-1,AMMC_R
555,700,1,-1,AVLP_R
555,399,19,-1,AMMC_R;AVLP_R;SAD
555,713,3,-1,AMMC_R;SAD
187,406,1,0,AMMC_R
187,410,1,0,AMMC_R
187,474,1,0,AMMC_R
188,495,3,1,AMMC_R;SAD
188,510,6,1,AMMC_R;SAD;WED_R
188,415,3,1,AMMC_R;WED_R
188,548,2,1,SAD;WED_R
188,583,1,1,SAD
188,329,2,1,SAD
189,420,1,-1,AMMC_R
557,492,1,1,AVLP_R
557,529,1,1,AVLP_R
557,567,1,1,AVLP_R
557,593,1,1,FB
557,717,1,1,SCL_L
558,629,2,-1,ATL_L;PLP_L
25,493,2,1,AMMC_L;SAD
25,582,1,1,AVLP_L
25,583,1,1,AMMC_L
25,689,1,1,SAD
25,721,2,1,SAD
429,489,6,1,AMMC_L;SAD
429,402,1,1,WED_R
429,404,2,1,WED_L;WED_R
429,517,6,1,SAD
429,393,2,1,AMMC_L
429,424,2,1,SAD
429,539,2,1,AVLP_R;WED_R
429,540,6,1,AVLP_R;WED_R
429,427,1,1,SAD
429,548,3,1,AVLP_R
429,432,1,1,AMMC_L
429,435,1,1,WED_L
429,571,21,1,AVLP_R;WED_R
429,576,21,1,AMMC_L;WED_L
429,580,11,1,AMMC_L;GNG;WED_R
429,588,2,1,WED_L
429,592,1,1,WED_L
429,596,6,1,WED_L
429,602,51,1,AMMC_L;SAD;WED_L
429,618,48,1,AVLP_R;WED_R
429,633,1,1,SAD
429,634,48,1,AMMC_L;SAD;WED_L
429,637,12,1,AVLP_R;WED_R
429,648,10,1,WED_L
429,276,1,1,SAD
429,654,13,1,AMMC_L;SAD;WED_L
429,661,144,1,AMMC_L;WED_L
429,675,96,1,AMMC_L;SAD;WED_L
429,677,1,1,WED_L
429,688,27,1,AMMC_L;SAD;WED_L
429,689,5,1,AMMC_L
429,471,1,1,WED_L
429,700,14,1,AMMC_L;AVLP_R;WED_L;WED_R
429,712,1,1,WED_L
429,713,1,1,AMMC_L
429,730,23,1,AMMC_L;SAD;WED_L
559,544,1,1,GOR_L
559,589,2,1,GOR_L
559,592,2,1,ICL_L
559,594,1,1,AVLP_L
559,635,4,1,GOR_L;ICL_L;MB_PED_L
559,680,1,1,GOR_L
559,698,1,1,MB_PED_L
559,714,4,1,GOR_L;ICL_L;SLP_L
559,716,1,1,ICL_L
560,527,1,-1,IPS_L
561,510,1,-1,WED_L
561,531,2,-1,WED_L
561,606,6,-1,IPS_L
561,629,1,-1,WED_L
430,503,1,1,SAD
430,509,3,1,WED_R
430,416,1,1,WED_R
430,421,9,1,SAD;WED_R
430,158,1,1,AMMC_L
430,543,15,1,SAD;WED_R
430,548,13,1,SAD;WED_R
430,571,21,1,PVLP_R;SAD;WED_R
430,444,1,1,SAD
430,595,7,1,SAD;WED_R
430,601,1,1,WED_R
430,606,1,1,WED_L
430,610,11,1,PVLP_R;SAD;WED_R
430,637,18,1,PVLP_R;SAD;WED_R
430,460,1,1,AMMC_L
430,652,1,1,WED_R
430,673,2,1,WED_R
430,397,6,1,PVLP_R;SAD
430,471,1,1,AMMC_L
430,474,1,1,PVLP_R
430,722,2,1,SAD
430,479,1,1,WED_R
562,488,3,-1,GOR_R;ICL_R
562,537,1,-1,ICL_R
562,551,3,-1,ICL_R
395,409,1,1,AMMC_R
395,414,1,1,AMMC_R
395,418,1,1,AMMC_R
395,420,1,1,SAD
395,394,1,1,PVLP_L
395,580,1,1,SAD
395,445,1,1,PVLP_R
395,612,1,1,PVLP_R
395,633,2,1,AMMC_R
395,456,1,1,PVLP_R
395,457,1,1,SAD
395,677,2,1,AVLP_R;SAD
395,396,1,1,PVLP_L
395,397,5,1,AVLP_R;EPA_L;PVLP_L
431,495,8,1,SAD;WED_L
431,408,2,1,AVLP_L;SAD
431,503,6,1,SAD
431,517,4,1,AMMC_L;SAD;WED_L
431,482,1,1,AMMC_L
431,427,1,1,SAD
431,548,7,1,AVLP_R;WED_R
431,428,1,1,WED_L
431,576,4,1,SAD;WED_L
431,440,2,1,AMMC_L
431,442,1,1,SAD
431,444,2,1,SAD
431,602,8,1,AMMC_L;SAD;WED_L
431,603,1,1,AVLP_R
431,452,1,1,AMMC_L
431,634,3,1,AMMC_L
431,456,1,1,SAD
431,654,4,1,SAD
431,665,1,1,AVLP_L
431,693,9,1,AVLP_L;WED_L
431,469,1,1,AVLP_R
431,471,1,1,WED_L
431,700,5,1,AVLP_L;WED_L
431,722,2,1,WED_L
431,479,1,1,AMMC_L
431,729,2,1,WED_R
431,730,1,1,AMMC_L
432,488,3,1,PVLP_R
432,416,1,1,AVLP_R
432,393,5,1,AMMC_L;SAD
432,423,2,1,PVLP_L;WED_L
432,540,1,1,SAD
432,394,8,1,AMMC_L;SAD
432,543,3,1,WED_R
432,427,1,1,SAD
432,548,11,1,AVLP_R;SAD;WED_R
432,558,4,1,WED_L
432,562,2,1,AVLP_R
432,395,2,1,SAD
432,571,6,1,PVLP_R;SAD
432,577,4,1,WED_R
432,595,7,1,SAD;WED_R
432,596,3,1,AVLP_L;WED_L
432,446,2,1,WED_R
432,602,12,1,AMMC_L;PVLP_L;SAD;WED_L
432,604,2,1,AVLP_R
432,606,2,1,PVLP_L
432,610,7,1,PVLP_R;SAD;WED_R
432,622,1,1,WED_R
432,637,5,1,SAD;WED_R
432,459,2,1,SAD
432,460,2,1,SAD
432,652,1,1,AVLP_R
432,654,7,1,AMMC_L;PVLP_L;SAD
432,673,2,1,AMMC_R
432,396,1,1,PVLP_R
432,397,4,1,SAD
432,687,3,1,AMMC_L
432,474,2,1,PVLP_L;SAD
432,721,1,1,AMMC_L
432,479,1,1,PVLP_R
432,729,1,1,WED_R
432,730,3,1,PVLP_L
433,487,1,1,AVLP_R
433,488,1,1,WED_R
433,508,41,1,AVLP_R;WED_R
433,548,2,1,AVLP_R
433,565,1,1,AVLP_R
433,568,14,1,AVLP_R;WED_R
433,576,35,1,AVLP_L;WED_L
433,580,1,1,AVLP_R
433,582,1,1,AVLP_L
433,611,44,1,AVLP_R;WED_R
433,648,19,1,AVLP_L;WED_L
433,665,41,1,AVLP_L;WED_L
433,677,20,1,AVLP_L;AVLP_R;WED_L;WED_R
433,679,2,1,AVLP_L;WED_L
433,690,2,1,WED_L
433,696,4,1,AVLP_R
433,700,82,1,AVLP_L;AVLP_R;WED_L;WED_R
433,472,1,1,AVLP_R
433,706,5,1,AVLP_L;WED_L
26,654,1,1,AMMC_L
26,69,1,1,SAD
26,700,1,1,SAD
26,399,1,1,GNG
190,402,1,1,AMMC_R
190,420,2,1,AMMC_R
190,713,1,1,AMMC_R
27,495,1,1,AMMC_R
27,555,1,1,AMMC_R
27,673,1,1,AMMC_R
191,489,1,1,AMMC_L
191,405,4,1,AMMC_L;SAD
191,407,2,1,AMMC_L;SAD
191,419,1,1,AMMC_L
191,450,4,1,AMMC_L;SAD
191,721,2,1,AMMC_L
434,402,1,1,SAD
434,408,1,1,WED_R
434,517,1,1,WED_L
434,418,1,1,SAD
434,421,4,1,SAD;WED_R
434,548,24,1,AVLP_R;SAD;WED_R
434,432,1,1,WED_L
434,577,1,1,WED_R
434,444,1,1,WED_L
434,595,1,1,WED_R
434,602,5,1,WED_L
434,634,2,1,PVLP_L;WED_L
434,654,6,1,PVLP_L
434,673,3,1,SAD;WED_R
434,396,1,1,SAD
434,469,1,1,WED_R
435,488,1,1,WED_R
435,489,13,1,AMMC_L;SAD
435,402,2,1,WED_R
435,503,2,1,AMMC_L
435,517,3,1,AMMC_L
435,393,3,1,AMMC_L
435,417,2,1,AMMC_L;WED_L
435,424,4,1,AMMC_L
435,533,2,1,WED_R
435,539,1,1,WED_R
435,540,7,1,AVLP_R;WED_R
435,394,5,1,AMMC_L
435,558,1,1,WED_L
435,429,1,1,AMMC_L
435,431,1,1,AMMC_L
435,568,1,1,AVLP_R
435,571,15,1,AVLP_R;WED_R
435,574,1,1,SAD
435,576,39,1,AMMC_L;WED_L
435,439,1,1,SAD
435,580,16,1,AMMC_L;SAD
435,588,1,1,WED_L
435,592,1,1,WED_L
435,596,6,1,WED_L
435,602,54,1,AMMC_L;SAD;WED_L
435,604,1,1,AVLP_R
435,448,1,1,WED_L
435,618,40,1,AVLP_R;WED_R
435,633,7,1,AMMC_L
435,634,44,1,AMMC_L;SAD;WED_L
435,637,4,1,AVLP_R;WED_R
435,648,8,1,AMMC_L;WED_L
435,653,1,1,WED_R
435,654,5,1,SAD;WED_L
435,461,1,1,WED_R
435,661,166,1,AMMC_L;SAD;WED_L
435,463,1,1,SAD
435,675,71,1,AMMC_L;SAD;WED_L
435,677,7,1,AMMC_L;SAD;WED_R
435,685,2,1,WED_R
435,688,40,1,AMMC_L;SAD;WED_L
435,689,4,1,AMMC_L
435,700,19,1,AMMC_L;AVLP_R;SAD;WED_L;WED_R
435,472,1,1,SAD
435,707,1,1,WED_L
435,713,2,1,AMMC_L
435,730,41,1,AMMC_L;SAD;WED_L
28,410,3,0,AMMC_R
28,583,5,0,AMMC_R
28,607,1,0,AMMC_R
28,457,1,0,AMMC_R
28,713,1,0,AMMC_R
29,1,1,0,AMMC_L
29,580,1,0,AMMC_L
29,399,1,0,AMMC_L
194,405,6,1,AMMC_L
194,517,1,1,AMMC_L
194,417,2,1,AMMC_L
194,419,2,1,AMMC_L
194,430,1,1,AMMC_L
194,435,2,1,AMMC_L
194,439,1,1,AMMC_L
194,444,3,1,AMMC_L
194,607,1,1,AMMC_L
194,448,2,1,AMMC_L
194,452,1,1,AMMC_L
194,458,1,1,AMMC_L
194,486,2,1,AMMC_L
194,464,1,1,AMMC_L
194,479,1,1,AMMC_L
563,549,3,-1,SCL_L
563,564,1,-1,AVLP_R
563,631,1,-1,SIP_L
563,636,1,-1,AVLP_R
563,638,1,-1,AVLP_R
563,643,11,-1,AVLP_R;SIP_R
563,645,1,-1,AVLP_R
563,664,3,-1,SCL_L;SCL_R;SIP_R
563,682,1,-1,SCL_R
563,701,1,-1,SIP_R
563,707,1,-1,SIP_L
30,3,1,1,AMMC_L
30,430,1,1,SAD
30,573,1,1,AMMC_L
564,500,1,-1,AVLP_R
564,507,4,-1,AVLP_R
564,9,1,-1,AMMC_R
564,15,1,-1,AVLP_R
564,542,5,-1,AVLP_R
564,563,7,-1,AVLP_R
564,565,2,-1,AVLP_R
564,566,1,-1,AVLP_R
564,583,3,-1,AVLP_R
564,598,1,-1,AVLP_R
564,615,1,-1,AVLP_R
564,619,6,-1,AVLP_R
564,637,2,-1,AVLP_R
564,645,1,-1,AVLP_R
564,667,1,-1,AVLP_R
564,677,1,-1,AVLP_R
564,685,3,-1,AVLP_R
564,696,1,-1,AVLP_R
564,700,7,-1,AVLP_R;WED_R
564,701,9,-1,AVLP_R
564,399,14,-1,AMMC_R;AVLP_R
564,715,10,-1,AVLP_R
564,720,2,-1,AVLP_R
565,492,6,1,AVLP_R
565,500,1,1,AVLP_R
565,412,1,1,AVLP_R
565,542,1,1,AVLP_R
565,553,2,1,AVLP_R
565,566,3,1,AVLP_R
565,615,2,1,AVLP_R
565,641,1,1,AVLP_R
565,645,2,1,AVLP_R
565,685,6,1,AVLP_R
31,495,2,1,AMMC_R
31,700,1,1,AMMC_R
195,407,1,0,SAD
436,403,1,1,AMMC_L
436,507,9,1,AVLP_R
436,542,11,1,AVLP_R
436,583,5,1,AMMC_L;SAD
436,619,14,1,AVLP_R
436,677,1,1,AVLP_R
436,700,9,1,AVLP_L;AVLP_R;WED_L
436,715,9,1,AVLP_R
197,405,1,1,AMMC_L
197,419,1,1,AMMC_L
197,435,1,1,SAD
197,442,3,1,AMMC_L
197,448,1,1,AMMC_L
197,450,1,1,AMMC_L
197,452,1,1,AMMC_L
197,463,1,1,AMMC_L
197,464,1,1,AMMC_L
483,403,20,-1,AMMC_L;SAD
483,419,1,-1,SAD
483,149,2,-1,AMMC_L;SAD
483,150,1,-1,SAD
483,527,3,-1,SAD
483,424,38,-1,AMMC_L;SAD
483,425,58,-1,AMMC_L;SAD
483,429,23,-1,AMMC_L;SAD
483,431,6,-1,AMMC_L;SAD
483,432,70,-1,AMMC_L;SAD
483,437,1,-1,SAD
483,580,25,-1,AMMC_L;SAD
483,442,122,-1,AMMC_L;SAD
483,456,16,-1,AMMC_L;SAD
483,463,5,-1,AMMC_L
483,470,9,-1,AMMC_L;SAD
483,471,35,-1,AMMC_L;SAD
483,347,3,-1,AMMC_L;SAD
483,472,48,-1,AMMC_L;SAD
483,479,81,-1,AMMC_L;SAD
198,489,1,1,SAD
198,495,6,1,AMMC_R;SAD
198,510,3,1,AMMC_R;SAD
198,420,9,1,AMMC_R
198,583,13,1,AMMC_R;SAD
198,445,1,1,AMMC_R
198,633,2,1,SAD
198,457,13,1,AMMC_R
198,465,2,1,AMMC_R
198,713,1,1,AMMC_R
566,487,1,-1,AVLP_R
566,500,1,-1,AVLP_R
566,507,9,-1,AVLP_R
566,15,4,-1,AVLP_R
566,529,2,-1,AVLP_R
566,533,1,-1,AVLP_R
566,542,5,-1,AVLP_R
566,563,4,-1,AVLP_R
566,565,1,-1,AVLP_R
566,568,1,-1,AVLP_R
566,583,1,-1,AVLP_R
566,598,1,-1,AVLP_R
566,615,1,-1,AVLP_R
566,619,20,-1,AVLP_R
566,638,1,-1,AVLP_R
566,641,2,-1,AVLP_R
566,650,1,-1,AVLP_R
566,667,5,-1,AVLP_R
566,685,26,-1,AVLP_R
566,700,2,-1,AVLP_R
566,701,4,-1,AVLP_R
566,399,5,-1,AVLP_R
566,715,25,-1,AVLP_R
566,720,1,-1,AVLP_R
566,726,2,-1,AVLP_R
567,643,1,-1,AVLP_R
567,649,1,-1,AVLP_R
567,660,2,-1,AVLP_R
567,682,2,-1,AVLP_R
567,699,3,-1,AVLP_R
567,705,4,-1,AVLP_R
568,507,1,-1,AVLP_R
568,508,1,-1,AVLP_R
568,11,2,-1,AVLP_R
568,542,1,-1,AVLP_R
568,563,11,-1,AVLP_R
568,564,1,-1,AVLP_R
568,566,1,-1,AVLP_R
568,583,2,-1,AVLP_R
568,217,1,-1,AVLP_R
568,619,3,-1,AVLP_R
568,677,6,-1,AVLP_R
568,685,2,-1,AVLP_R
568,696,1,-1,AVLP_R
568,700,9,-1,AVLP_R;WED_R
568,701,15,-1,AVLP_R
568,399,4,-1,AVLP_R
568,715,5,-1,AVLP_R
568,720,5,-1,AVLP_R
199,417,1,1,AMMC_L
199,385,1,1,AL_L
32,394,1,1,AMMC_L
32,583,1,1,AMMC_L
32,657,1,1,WED_L
32,398,2,1,AMMC_L
32,687,1,1,AMMC_L
32,706,1,1,AMMC_L
32,399,1,1,AMMC_L
569,498,6,1,ICL_R
569,514,1,1,AVLP_R
569,520,1,1,AVLP_R
569,533,6,1,AVLP_R;EPA_R;ICL_R
569,643,15,1,AVLP_R;EPA_R;GOR_R;ICL_R;SCL_R
569,653,2,1,AVLP_R;SIP_R
569,662,2,1,ICL_R
569,669,1,1,AVLP_R
569,682,3,1,ICL_R;SCL_R
569,695,1,1,ICL_R
569,699,8,1,EPA_R;ICL_R;SCL_R;SIP_R
569,705,3,1,GOR_R;ICL_R
569,707,2,1,ICL_R
569,728,1,1,ICL_R
201,495,2,1,AMMC_R
201,122,1,1,AMMC_R
201,420,10,1,AMMC_R
201,580,1,1,AMMC_R
201,465,4,1,AMMC_R
201,687,1,1,AMMC_R
202,403,4,1,AMMC_L
202,413,4,1,AMMC_L;SAD
202,424,8,1,AMMC_L
202,427,1,1,AMMC_L
202,429,5,1,AMMC_L
202,432,1,1,AMMC_L
202,436,1,1,AMMC_L
202,437,2,1,AMMC_L
202,634,1,1,SAD
202,456,6,1,AMMC_L;SAD
202,274,1,1,AMMC_L
202,472,3,1,AMMC_L
202,713,1,1,AMMC_L
33,580,1,-1,AMMC_R
33,700,1,-1,AMMC_R
33,399,2,-1,AMMC_R
570,492,3,1,AVLP_R
570,529,1,1,AVLP_R
570,549,1,1,AVLP_L
570,553,5,1,AVLP_L;AVLP_R;SLP_R
570,578,2,1,AVLP_L
570,616,4,1,AVLP_L
570,620,3,1,AVLP_L
570,628,4,1,AVLP_R
570,659,1,1,AVLP_L
570,671,1,1,SCL_L
570,684,4,1,AVLP_L
570,692,8,1,AVLP_R;SLP_R
570,717,1,1,AVLP_L
205,580,1,1,AMMC_R
205,445,1,1,AMMC_R
205,240,1,1,AMMC_R
207,405,1,1,AMMC_L
207,517,1,1,AMMC_L
207,417,1,1,AMMC_L
207,435,2,1,AMMC_L
207,452,1,1,AMMC_L
207,470,2,1,AMMC_L
34,23,1,1,AMMC_L
34,399,1,1,AMMC_L
208,583,1,1,AMMC_R
437,489,2,1,AMMC_L
437,495,2,1,AMMC_L
437,405,1,1,AVLP_R
437,517,1,1,AMMC_L
437,425,1,1,SAD
437,483,1,1,SAD
437,580,11,1,AMMC_L;SAD
437,442,2,1,SAD
437,582,8,1,AMMC_L;AVLP_L
437,583,17,1,AMMC_L;AVLP_L;SAD;WED_L
437,600,7,1,AMMC_L;AVLP_L;WED_L
437,616,1,1,AVLP_L
437,651,4,1,AVLP_L
437,657,1,1,AVLP_L
437,677,8,1,AMMC_L;AVLP_L;SAD
437,679,12,1,AMMC_L;AVLP_L;WED_L
437,689,2,1,SAD
437,690,9,1,AMMC_L;AVLP_L;WED_L
437,696,1,1,AVLP_R
437,700,60,1,AMMC_L;AVLP_L;AVLP_R;SAD;WED_L
437,472,1,1,SAD
437,706,31,1,AMMC_L;AVLP_L
571,402,3,-1,SAD;WED_R
571,495,2,-1,AMMC_R;SAD
571,409,2,-1,SAD
571,510,1,-1,SAD
571,415,8,-1,AVLP_R;SAD;WED_R
571,418,9,-1,AMMC_R;SAD;WED_R
571,147,1,-1,SAD
571,533,1,-1,AVLP_R
571,539,3,-1,AVLP_R;WED_R
571,540,5,-1,AVLP_R;WED_R
571,543,4,-1,SAD;WED_R
571,428,1,-1,AVLP_R
571,440,1,-1,WED_R
571,445,4,-1,AVLP_R;SAD
571,446,3,-1,AMMC_R;WED_R
571,604,7,-1,AVLP_R;WED_R
571,618,22,-1,AVLP_R;SAD;WED_R
571,622,1,-1,AVLP_R
571,460,1,-1,AVLP_R
571,461,1,-1,SAD
571,667,17,-1,AVLP_R
571,308,4,-1,SAD
571,685,13,-1,AVLP_R
571,467,1,-1,SAD
571,471,1,-1,WED_R
571,700,1,-1,SAD
571,474,1,-1,SAD
35,493,1,1,AMMC_L
438,404,1,1,AVLP_R
438,508,3,1,AVLP_R;WED_R
438,533,1,1,AVLP_R
438,540,1,1,WED_R
438,548,2,1,AVLP_R
438,568,2,1,AVLP_R;WED_R
438,575,1,1,AVLP_L
438,576,36,1,AVLP_L;WED_L
438,580,3,1,WED_R
438,582,2,1,WED_L
438,583,1,1,AVLP_L
438,611,39,1,AVLP_R;WED_R
438,618,1,1,AVLP_R
438,634,3,1,WED_L
438,637,1,1,AVLP_R
438,648,54,1,AVLP_L;WED_L
438,653,1,1,AVLP_R
438,665,39,1,AVLP_L;WED_L
438,677,20,1,AVLP_L;AVLP_R;WED_L
438,396,1,1,AVLP_R
438,679,7,1,AVLP_L;WED_L
438,685,1,1,AVLP_R
438,696,3,1,AVLP_R
438,700,71,1,AVLP_L;AVLP_R;WED_L;WED_R
438,476,2,1,AVLP_L;AVLP_R
438,730,10,1,AVLP_L;WED_L
572,529,1,1,SLP_R
573,493,3,-1,AMMC_L
573,96,1,-1,AMMC_L
573,98,1,-1,AMMC_L
573,3,6,-1,SAD
573,6,3,-1,AMMC_L;SAD
573,10,6,-1,AMMC_L;SAD
573,517,1,-1,SAD
573,154,1,-1,SAD
573,161,1,-1,AMMC_L
573,424,2,-1,AMMC_L
573,18,2,-1,AMMC_L
573,425,1,-1,AMMC_L
573,165,5,-1,AMMC_L
573,23,1,-1,SAD
573,25,6,-1,AMMC_L;GNG;SAD
573,429,2,-1,SAD
573,29,1,-1,SAD
573,30,5,-1,AMMC_L;SAD
573,574,1,-1,GNG
573,439,2,-1,GNG
573,583,5,-1,AMMC_L;SAD
573,220,1,-1,AMMC_L
573,227,2,-1,AMMC_L
573,49,2,-1,SAD
573,56,1,-1,AMMC_L
573,456,1,-1,SAD
573,266,1,-1,SAD
573,274,1,-1,AMMC_L
573,276,2,-1,SAD
573,285,2,-1,SAD
573,286,3,-1,AMMC_L
573,287,1,-1,AMMC_L
573,71,2,-1,SAD
573,306,1,-1,SAD
573,677,1,-1,SAD
573,77,6,-1,SAD
573,398,1,-1,SAD
573,690,1,-1,AMMC_L
573,349,2,-1,AMMC_L
573,359,3,-1,AMMC_L
573,363,2,-1,AMMC_L
573,92,2,-1,AMMC_L;SAD
573,378,2,-1,AMMC_L;SAD
573,721,2,-1,SAD
573,387,1,-1,AMMC_L
574,95,3,-1,AMMC_L
574,493,4,-1,AMMC_L;SAD
574,105,2,-1,AMMC_L
574,110,2,-1,AMMC_L
574,3,6,-1,AMMC_L;SAD
574,4,2,-1,SAD
574,6,6,-1,AMMC_L
574,10,1,-1,SAD
574,413,1,-1,AMMC_L
574,517,1,-1,AMMC_L
574,135,2,-1,AMMC_L
574,137,1,-1,SAD
574,417,1,-1,AMMC_L
574,419,1,-1,SAD
574,482,1,-1,AMMC_L
574,154,1,-1,SAD
574,422,1,-1,AMMC_L
574,424,3,-1,AMMC_L;SAD
574,23,2,-1,AMMC_L;SAD
574,191,3,-1,AMMC_L
574,435,2,-1,SAD
574,30,4,-1,AMMC_L;SAD
574,35,2,-1,SAD
574,212,1,-1,SAD
574,580,1,-1,AMMC_L
574,42,5,-1,AMMC_L;SAD
574,227,2,-1,SAD
574,244,1,-1,AMMC_L
574,245,3,-1,AMMC_L
574,52,1,-1,AMMC_L
574,53,1,-1,AMMC_L
574,56,1,-1,AMMC_L
574,263,2,-1,AMMC_L;SAD
574,268,1,-1,AMMC_L
574,459,2,-1,SAD
574,272,1,-1,AMMC_L
574,644,2,-1,GNG
574,67,6,-1,SAD
574,69,1,-1,SAD
574,71,2,-1,SAD
574,73,3,-1,AMMC_L
574,677,1,-1,AMMC_L
574,77,2,-1,AMMC_L
574,679,1,-1,AMMC_L
574,82,2,-1,AMMC_L
574,84,1,-1,SAD
574,700,1,-1,SAD
574,353,3,-1,AMMC_L
574,399,2,-1,AMMC_L
574,366,1,-1,AMMC_L
574,369,2,-1,AMMC_L
574,379,1,-1,AMMC_L
574,721,1,-1,SAD
575,490,1,-1,AVLP_L
575,519,2,-1,AVLP_L
575,549,2,-1,AVLP_L
575,570,5,-1,AVLP_L
575,576,2,-1,AVLP_L;WED_L
575,579,3,-1,AVLP_L
575,615,1,-1,AVLP_L
575,620,2,-1,AVLP_L
575,624,3,-1,AVLP_L
575,642,2,-1,AVLP_L
575,647,1,-1,AVLP_L
575,648,1,-1,AVLP_L
575,651,1,-1,AVLP_L
575,666,10,-1,AVLP_L
575,675,1,-1,WED_L
575,677,3,-1,AVLP_L
575,678,10,-1,AVLP_L
575,684,6,-1,AVLP_L
575,688,1,-1,WED_L
575,690,1,-1,AVLP_L
575,700,2,-1,WED_L
575,710,1,-1,AVLP_L
575,725,1,-1,AVLP_L
576,495,1,-1,SAD
576,519,1,-1,AVLP_L
576,416,1,-1,WED_L
576,417,1,-1,WED_L
576,575,7,-1,AVLP_L
576,596,1,-1,WED_L
576,600,1,-1,AVLP_L
576,602,1,-1,SAD
576,620,4,-1,AVLP_L
576,634,2,-1,AMMC_L;WED_L
576,665,1,-1,WED_L
576,675,1,-1,WED_L
576,690,2,-1,AVLP_L;WED_L
576,700,4,-1,WED_L
576,706,6,-1,AVLP_L
576,712,1,-1,WED_L
576,476,1,-1,WED_L
439,488,1,1,WED_R
439,489,2,1,AMMC_L
439,402,1,1,WED_L
439,404,1,1,WED_R
439,503,1,1,AMMC_L
439,393,1,1,SAD
439,424,1,1,AMMC_L
439,534,1,1,SAD
439,539,7,1,AVLP_R;WED_R
439,540,41,1,AVLP_R;WED_R
439,394,2,1,SAD
439,428,1,1,WED_L
439,432,1,1,AMMC_L
439,571,9,1,AVLP_R;WED_R
439,575,2,1,WED_L
439,576,12,1,SAD;WED_L
439,580,3,1,AMMC_L;SAD
439,440,1,1,SAD
439,583,1,1,SAD
439,588,2,1,WED_L
439,592,4,1,WED_L
439,596,21,1,AMMC_L;SAD;WED_L
439,602,53,1,AMMC_L;GNG;SAD;WED_L
439,604,7,1,AVLP_R;WED_R
439,618,79,1,AVLP_R;WED_R
439,634,21,1,AMMC_L;SAD;WED_L
439,637,12,1,AVLP_R;WED_R
439,644,2,1,SAD
439,654,3,1,WED_L
439,661,109,1,AMMC_L;WED_L
439,675,170,1,AMMC_L;SAD;WED_L
439,688,132,1,AMMC_L;GNG;SAD;WED_L
439,689,1,1,SAD
439,471,2,1,WED_L;WED_R
439,700,10,1,AVLP_R;WED_L;WED_R
439,707,3,1,WED_L
439,712,8,1,SAD;WED_L
439,713,3,1,AMMC_L
439,722,1,1,SAD
439,730,11,1,AMMC_L;SAD;WED_L
577,402,6,-1,AMMC_R;GNG
577,493,83,-1,AMMC_R
577,495,34,-1,AMMC_R;SAD;WED_R
577,7,8,-1,AMMC_R
577,8,5,-1,AMMC_R
577,13,10,-1,AMMC_R
577,14,3,-1,AMMC_R
577,17,1,-1,AMMC_R
577,20,5,-1,AMMC_R
577,21,4,-1,AMMC_R
577,22,2,-1,AMMC_R
577,27,2,-1,AMMC_R
577,28,8,-1,AMMC_R
577,31,1,-1,AMMC_R
577,230,2,-1,AMMC_R
577,234,1,-1,AMMC_R
577,446,1,-1,AMMC_R
577,60,6,-1,AMMC_R
577,70,13,-1,AMMC_R
577,293,1,-1,AMMC_R
577,311,2,-1,AMMC_R
577,78,7,-1,AMMC_R
577,687,11,-1,AMMC_R
577,88,2,-1,AMMC_R
577,89,2,-1,AMMC_R
577,713,4,-1,AMMC_R
38,706,1,1,AVLP_L
38,399,1,1,SAD
212,432,1,1,SAD
212,721,1,1,SAD
578,515,2,1,AVLP_L;SCL_L
578,519,1,1,AVLP_L
578,593,1,1,AVLP_L
578,624,1,1,AVLP_L
578,628,1,1,SCL_R
578,650,2,1,AVLP_R;SCL_R
579,490,1,-1,AVLP_L
579,575,2,-1,AVLP_L
579,576,1,-1,AVLP_L
579,578,1,-1,AVLP_L
579,616,1,-1,AVLP_L
579,620,2,-1,AVLP_L
579,624,2,-1,AVLP_L
579,642,1,-1,PVLP_L
579,666,1,-1,AVLP_L
579,677,1,-1,AVLP_L
579,678,4,-1,AVLP_L
579,684,8,-1,AVLP_L;PVLP_L
579,725,1,-1,AVLP_L
580,489,1,-1,AMMC_L
580,493,3,-1,AMMC_L;SAD
580,495,11,-1,AMMC_L;GNG;SAD
580,393,39,-1,AMMC_L;SAD;WED_L
580,420,2,-1,SAD
580,423,1,-1,SAD
580,164,1,-1,AMMC_L
580,540,2,-1,AMMC_R;SAD
580,394,35,-1,AMMC_L;SAD;WED_L
580,395,20,-1,AMMC_R;SAD;WED_R
580,431,1,-1,AMMC_L
580,432,1,-1,AMMC_L
580,591,1,-1,AMMC_L
580,596,1,-1,SAD
580,445,1,-1,SAD
580,602,12,-1,AMMC_L
580,484,1,-1,AMMC_L
580,610,1,-1,SAD
580,618,1,-1,SAD
580,633,2,-1,AMMC_L
580,634,10,-1,AMMC_L;SAD
580,456,1,-1,AMMC_L
580,661,1,-1,AMMC_L
580,675,2,-1,AMMC_L
580,677,1,-1,SAD
580,396,33,-1,AMMC_R;SAD
580,397,17,-1,AMMC_R;SAD;WED_R
580,690,1,-1,AMMC_L
580,693,1,-1,AMMC_L
580,700,2,-1,AMMC_L;AVLP_R
580,713,15,-1,AMMC_L;SAD
580,730,13,-1,AMMC_L;SAD
214,450,2,-1,AMMC_L
581,511,1,1,AVLP_L
581,522,1,1,AVLP_R
581,632,2,1,AVLP_L
581,676,1,1,AVLP_L
581,679,1,1,AVLP_L
581,693,5,1,AVLP_L
39,580,2,1,AMMC_R
39,583,2,1,AMMC_R
39,713,1,1,AMMC_R
440,415,5,1,AVLP_R;WED_L;WED_R
440,539,30,1,AVLP_R;WED_R
440,540,2,1,AVLP_R;WED_R
440,428,4,1,SAD;WED_L;WED_R
440,558,1,1,WED_L
440,429,1,1,SAD
440,571,25,1,AVLP_R;WED_R
440,576,1,1,WED_L
440,588,40,1,PVLP_L;SAD;WED_L
440,592,6,1,PVLP_L;WED_L
440,596,58,1,AVLP_L;PVLP_L;SAD;WED_L
440,602,4,1,SAD;WED_L
440,604,20,1,AVLP_R;WED_R
440,622,10,1,AVLP_R;WED_R
440,456,1,1,SAD
440,637,17,1,AVLP_R;WED_R
440,660,6,1,AVLP_R;WED_R
440,467,1,1,WED_L
440,688,3,1,SAD;WED_L
440,471,2,1,SAD
440,473,1,1,SPS_R
440,712,89,1,AMMC_L;SAD;WED_L
440,729,51,1,AVLP_R;WED_R
441,401,2,1,WED_L
441,543,1,1,WED_R
441,588,4,1,WED_L
441,606,2,1,WED_L
441,610,1,1,WED_R
441,622,1,1,WED_R
40,489,1,1,AVLP_R
40,507,1,1,AVLP_R
40,542,1,1,AVLP_R
40,583,3,1,AMMC_R
40,687,1,1,AMMC_R
40,700,2,1,AMMC_R;AVLP_R
40,399,6,1,AMMC_R;AVLP_R
40,713,1,1,AMMC_R
442,400,1,1,WED_L
442,488,1,1,WED_R
442,416,3,1,WED_R
442,538,1,1,WED_R
442,543,2,1,SAD;WED_R
442,545,2,1,WED_R
442,561,3,1,WED_L
442,595,2,1,WED_R
442,601,8,1,WED_R
442,447,1,1,AMMC_R
442,604,2,1,WED_R
442,622,5,1,WED_R
442,629,3,1,WED_L
442,456,1,1,WED_L
442,700,1,1,AVLP_R
442,475,2,1,WED_L
582,513,5,-1,AVLP_L
582,16,2,-1,AMMC_L
582,18,1,-1,AMMC_L
582,550,1,-1,AVLP_L
582,570,1,-1,AVLP_L
582,575,2,-1,AVLP_L
582,576,5,-1,AVLP_L
582,583,6,-1,AMMC_L;AVLP_L;WED_L
582,600,1,-1,AVLP_L
582,620,1,-1,AVLP_L
582,65,2,-1,AVLP_L
582,657,3,-1,AVLP_L
582,664,8,-1,AVLP_L
582,677,3,-1,AVLP_L
582,679,2,-1,AVLP_L
582,398,28,-1,AVLP_L;WED_L
582,690,4,-1,AVLP_L
582,82,2,-1,WED_L
582,700,20,-1,AVLP_L;WED_L
582,706,1,-1,AVLP_L
583,487,74,-1,AMMC_R;AVLP_R;SAD;WED_R
583,488,1,-1,AVLP_R
583,493,2,-1,AMMC_L;AMMC_R
583,495,1,-1,AMMC_L
583,407,1,-1,AVLP_L
583,3,1,-1,WED_L
583,507,54,-1,AVLP_R
583,508,8,-1,AVLP_R
583,531,1,-1,AMMC_L
583,537,1,-1,AVLP_R
583,539,2,-1,AVLP_R;WED_R
583,540,3,-1,AVLP_R
583,542,40,-1,AVLP_R
583,550,4,-1,AVLP_L
583,558,1,-1,WED_L
583,432,1,-1,AMMC_R
583,563,6,-1,AVLP_R
583,564,82,-1,AMMC_R;AVLP_R
583,565,16,-1,AVLP_R
583,566,36,-1,AVLP_R
583,568,54,-1,AMMC_R;AVLP_R;SAD
583,574,5,-1,AMMC_L;WED_L
583,577,1,-1,AVLP_R
583,578,1,-1,AVLP_L
583,580,1,-1,SAD
583,582,62,-1,AMMC_L;AVLP_L;WED_L
583,591,4,-1,SAD
583,445,10,-1,AMMC_R;AVLP_R;GNG;SAD
583,600,90,-1,AMMC_L;AVLP_L;WED_L
583,602,11,-1,AMMC_L;SAD;WED_L
583,607,1,-1,AMMC_R
583,611,13,-1,AVLP_R;SAD;WED_R
583,614,1,-1,AVLP_L
583,615,4,-1,AVLP_R
583,616,1,-1,AVLP_L
583,618,7,-1,AMMC_R;AVLP_R;SAD;WED_R
583,619,45,-1,AVLP_R
583,620,3,-1,AVLP_L
583,621,2,-1,AVLP_L
583,633,3,-1,AMMC_L;GNG
583,634,20,-1,AMMC_L;SAD;WED_L
583,457,3,-1,AMMC_R
583,64,1,-1,AMMC_L
583,641,22,-1,AVLP_R
583,644,5,-1,SAD
583,274,1,-1,SAD
583,648,17,-1,AMMC_L;AVLP_L;WED_L
583,651,24,-1,AVLP_L;WED_L
583,657,89,-1,AMMC_L;AVLP_L;WED_L
583,658,2,-1,SAD
583,659,2,-1,WED_L
583,661,14,-1,AMMC_L;AVLP_L;WED_L
583,664,3,-1,AVLP_L
583,665,10,-1,AMMC_L;AVLP_L;WED_L
583,666,3,-1,AVLP_L
583,673,2,-1,AMMC_R;AVLP_R
583,675,4,-1,AMMC_L;AVLP_L
583,677,1,-1,AMMC_L
583,679,93,-1,AMMC_L;AVLP_L;WED_L
583,685,1,-1,AVLP_R
583,687,1,-1,AMMC_R
583,688,3,-1,AVLP_L
583,689,3,-1,SAD;WED_L
583,690,1,-1,AVLP_L
583,691,3,-1,AVLP_R
583,693,14,-1,AMMC_L;AVLP_L;SAD;WED_L
583,696,80,-1,AMMC_R;AVLP_R;SAD;WED_R
583,700,2,-1,AMMC_L;AVLP_R
583,701,1,-1,AVLP_R
583,399,1,-1,WED_L
583,711,1,-1,AVLP_L
583,713,20,-1,AMMC_L;AMMC_R;SAD
583,715,44,-1,AMMC_R;AVLP_R;WED_R
583,721,1,-1,AMMC_L
583,722,3,-1,SAD;WED_L
583,730,38,-1,AMMC_L;AVLP_L;GNG;SAD;WED_L
443,406,1,1,SAD
443,411,2,1,PVLP_L;SPS_R
443,415,1,1,PVLP_R
443,427,1,1,PVLP_R
443,555,2,1,SAD
443,588,4,1,PVLP_L;WED_L
443,627,1,1,IPS_R
443,459,1,1,PVLP_L
443,480,3,1,IPS_R;PVLP_L;PVLP_R
41,15,1,1,AMMC_R
41,85,1,1,AMMC_R
217,100,1,1,AMMC_R
217,434,1,1,SAD
217,580,9,1,AMMC_R
217,583,3,1,AMMC_R;AVLP_R
217,445,2,1,AMMC_R
217,608,1,1,AVLP_R
217,677,2,1,AMMC_R
217,397,2,1,AMMC_R
217,696,3,1,AMMC_R;AVLP_R
217,700,5,1,AVLP_R
585,514,3,-1,AVLP_L;AVLP_R
585,592,2,-1,AVLP_L
585,669,1,-1,AVLP_R
585,693,2,-1,AVLP_L;PVLP_L
585,703,3,-1,AVLP_L;EPA_L
218,403,1,1,AMMC_L
218,580,1,1,AMMC_L
218,472,1,1,AMMC_L
586,514,1,-1,AVLP_R
586,530,1,-1,PVLP_L
586,590,1,-1,AVLP_R
586,445,2,-1,AVLP_R
586,625,3,-1,AVLP_R;PVLP_R
586,668,8,-1,AVLP_L;AVLP_R
586,672,1,-1,AVLP_L
586,702,1,-1,PVLP_L
587,546,7,1,AVLP_R;ICL_R
587,615,1,1,AVLP_R
587,626,3,1,AVLP_R;GOR_R;ICL_R
587,646,1,1,ICL_R
587,660,1,1,GOR_R
588,509,1,1,WED_R
588,531,4,1,WED_L
588,536,3,1,WED_R
588,541,3,1,WED_R
588,543,9,1,LH_R;WED_R
588,440,2,1,WED_L
588,442,1,1,PVLP_L
588,592,6,1,AVLP_L;WED_L
588,444,1,1,WED_L
588,595,5,1,LH_L;PLP_R;SMP_R;WED_R
588,602,1,1,WED_L
588,604,3,1,WED_R
588,606,13,1,PLP_L;WED_L
588,622,4,1,AVLP_R;PLP_R;SCL_L;WED_R
588,634,1,1,WED_L
588,640,5,1,WED_L
588,670,1,1,WED_R
588,688,1,1,WED_L
588,712,3,1,WED_L
588,729,1,1,WED_R
42,489,1,1,AVLP_L
42,583,1,1,AMMC_L
42,679,1,1,AMMC_L
42,398,2,1,AMMC_L;AVLP_L
42,687,2,1,AVLP_L;UNASGD
42,700,3,1,AMMC_L
221,100,1,0,AMMC_R
221,420,1,0,AMMC_R
221,580,1,0,AMMC_R
43,495,3,0,AMMC_R
43,583,1,0,AMMC_R
43,607,3,0,AMMC_R
222,474,1,1,AMMC_R
589,518,1,1,AVLP_L
589,544,1,1,ICL_L
589,559,3,1,GOR_L;ICL_L
589,594,1,1,AVLP_L
589,635,6,1,ICL_L;SLP_L
589,676,1,1,PVLP_L
589,694,1,1,SLP_L
589,698,2,1,AVLP_L
589,714,4,1,AVLP_L;ICL_L;SCL_L
589,716,2,1,ICL_L;PLP_L
223,402,4,1,AMMC_R;SAD
223,122,2,1,AMMC_R;SAD
223,508,4,1,SAD
223,155,1,1,AMMC_R
223,548,3,1,AMMC_R;SAD
223,555,6,1,AMMC_R;SAD
223,577,4,1,AMMC_R;SAD
223,607,3,1,AMMC_R;SAD
223,611,1,1,SAD
223,673,6,1,AMMC_R
223,310,1,1,AMMC_R
223,677,6,1,AMMC_R;SAD
223,324,1,1,AMMC_R
223,474,1,1,SAD
224,417,1,1,AMMC_L
225,495,2,1,SAD
225,413,5,1,AMMC_L;SAD
225,482,2,1,AMMC_L;SAD
225,424,2,1,AMMC_L
225,394,2,1,AMMC_L
225,427,2,1,AMMC_L;SAD
225,429,2,1,AMMC_L
225,436,4,1,AMMC_L
225,202,1,1,AMMC_L
225,437,2,1,AMMC_L;SAD
225,580,3,1,AMMC_L
225,583,2,1,SAD
225,456,4,1,AMMC_L
225,264,1,1,SAD
225,654,1,1,AMMC_L
225,687,2,1,AMMC_L
225,688,1,1,SAD
225,471,3,1,AMMC_L
590,544,1,1,ICL_R
590,608,2,1,AVLP_R
590,625,13,1,AVLP_R
590,626,1,1,GOR_R
590,396,5,1,AVLP_R;PVLP_R
226,410,1,-1,SAD
591,94,3,-1,SAD
591,95,3,-1,SAD
591,110,3,-1,AMMC_L
591,139,3,-1,AMMC_L
591,142,3,-1,AMMC_L
591,424,8,-1,AMMC_L
591,429,8,-1,AMMC_L;SAD
591,431,2,-1,AMMC_L
591,435,1,-1,AMMC_L
591,193,1,-1,AMMC_L
591,196,1,-1,AMMC_L
591,200,1,-1,AMMC_L
591,439,2,-1,AMMC_L
591,212,1,-1,AMMC_L
591,213,4,-1,AMMC_L
591,216,1,-1,SAD
591,220,4,-1,AMMC_L
591,448,1,-1,SAD
591,246,1,-1,AMMC_L
591,262,1,-1,SAD
591,263,2,-1,AMMC_L
591,456,1,-1,SAD
591,267,1,-1,AMMC_L
591,459,1,-1,SAD
591,462,1,-1,GNG
591,300,1,-1,AMMC_L
591,303,2,-1,AMMC_L
591,322,1,-1,AMMC_L
591,327,1,-1,AMMC_L
591,336,2,-1,AMMC_L
591,348,3,-1,AMMC_L;SAD
591,350,1,-1,AMMC_L
591,363,1,-1,SAD
591,475,1,-1,SAD
591,479,1,-1,AMMC_L
592,494,1,0,AVLP_L
592,502,4,0,AVLP_L
592,528,3,0,AVLP_L;PVLP_L
592,544,10,0,AVLP_L;PLP_L;PVLP_L
592,559,1,0,PVLP_L
592,579,1,0,AVLP_L
592,585,1,0,LAL_L
592,589,1,0,PVLP_L
592,444,1,0,WED_L
592,594,15,0,GOR_L;ICL_L;PLP_L
592,464,1,0,WED_L
592,674,1,0,AVLP_L
592,675,1,0,WED_L
592,676,1,0,AVLP_L
592,680,1,0,PVLP_L
592,686,2,0,AVLP_L;ICL_L
592,693,1,0,PVLP_L
592,695,1,0,PVLP_L
592,698,1,0,GOR_L
592,702,2,0,PVLP_L
592,704,1,0,ICL_L
592,714,10,0,AVLP_L;GOR_L;ICL_L
592,716,10,0,AVLP_L;GOR_L;ICL_L;PVLP_L
227,405,1,1,AMMC_L
227,407,2,1,AMMC_L
227,116,1,1,AMMC_L
227,417,4,1,AMMC_L;SAD
227,419,1,1,AMMC_L
227,422,2,1,AMMC_L
227,430,2,1,SAD
227,435,1,1,SAD
227,444,1,1,AMMC_L
227,448,2,1,AMMC_L;SAD
227,450,4,1,AMMC_L;SAD
227,464,1,1,AMMC_L
227,479,3,1,AMMC_L;SAD
44,607,1,-1,SAD
444,488,1,1,WED_R
444,503,3,1,GNG
444,517,1,1,SAD
444,539,74,1,AVLP_R;WED_R
444,540,90,1,AVLP_R;WED_R
444,558,1,1,WED_L
444,571,22,1,AVLP_R;WED_R
444,580,1,1,AMMC_L
444,588,10,1,AVLP_L;WED_L
444,592,5,1,WED_L
444,596,115,1,AMMC_L;AVLP_L;SAD;WED_L
444,602,9,1,AMMC_L;SAD;WED_L
444,604,8,1,AVLP_R;WED_R
444,617,1,1,WED_R
444,618,54,1,AVLP_R;WED_R
444,622,2,1,WED_R
444,634,3,1,SAD;WED_L
444,637,27,1,AVLP_R;WED_R
444,654,3,1,WED_L
444,660,3,1,AVLP_R;WED_R
444,661,3,1,WED_L
444,675,120,1,AMMC_L;AVLP_L;SAD;WED_L
444,688,149,1,AVLP_L;GNG;SAD;WED_L
444,689,1,1,GNG
444,471,3,1,AMMC_L;SAD;WED_L
444,700,1,1,WED_L
444,712,62,1,AMMC_L;SAD;WED_L
444,722,1,1,WED_L
444,479,1,1,GNG
444,729,9,1,AVLP_R;WED_R
444,730,2,1,SAD;WED_L
229,506,2,1,AMMC_L
229,139,1,1,SAD
229,424,2,1,AMMC_L
229,425,1,1,AMMC_L
229,165,1,1,SAD
229,427,6,1,AMMC_L;SAD
229,429,6,1,AMMC_L;SAD
229,432,3,1,AMMC_L
229,442,4,1,AMMC_L;SAD
229,456,1,1,SAD
229,286,1,1,AMMC_L
229,463,1,1,AMMC_L
229,322,2,1,AMMC_L
229,470,1,1,SAD
229,333,3,1,AMMC_L;SAD
229,471,5,1,AMMC_L
229,472,1,1,AMMC_L
593,692,1,1,SCL_R
231,484,1,0,AMMC_R
232,495,15,1,AMMC_R;SAD
232,121,2,1,AMMC_R;SAD
232,411,1,1,AMMC_R
232,510,3,1,AMMC_R;SAD
232,415,12,1,AMMC_R;SAD
232,420,5,1,AMMC_R;SAD
232,539,3,1,AMMC_R
232,583,5,1,AMMC_R;SAD
232,445,8,1,AMMC_R
232,469,18,1,AMMC_R;SAD
594,592,31,1,AVLP_L;GOR_L;ICL_L;PLP_L;PVLP_L
594,635,2,1,ICL_L;MB_PED_L
594,714,4,1,ICL_L;SCL_L
594,716,7,1,GOR_L;ICL_L;SCL_L
233,495,2,1,AMMC_L
233,422,7,1,AMMC_L
233,430,6,1,AMMC_L;SAD
233,435,6,1,AMMC_L
233,439,6,1,AMMC_L
233,583,6,1,AMMC_L
233,444,4,1,AMMC_L
233,448,3,1,AMMC_L
233,452,2,1,AMMC_L
233,689,3,1,AMMC_L
233,382,1,1,AMMC_L
233,479,2,1,AMMC_L
235,489,2,1,AMMC_R
235,100,1,1,AMMC_R
235,420,8,1,AMMC_R
235,217,1,1,AMMC_R
235,484,6,1,AMMC_R
235,465,1,1,AMMC_R
45,487,2,1,AVLP_R
45,489,1,1,AVLP_R
45,583,3,1,AMMC_R;AVLP_R
45,677,1,1,AMMC_R
45,81,1,1,AMMC_R
45,687,1,1,AMMC_R
45,700,3,1,AVLP_R
45,399,3,1,AMMC_R
595,504,2,1,PLP_L
595,531,12,1,IPS_L;WED_L
595,536,3,1,WED_R
595,541,2,1,IPS_R
595,543,11,1,IPS_R;PLP_R;WED_R
595,548,4,1,WED_R
595,560,1,1,IPS_L
595,577,7,1,WED_R
595,588,2,1,ATL_R;PLP_L
595,606,6,1,IPS_L;WED_L
595,610,2,1,WED_L;WED_R
595,622,2,1,WED_L;WED_R
595,670,3,1,IPS_R;WED_R
595,673,2,1,WED_R
595,474,1,1,SAD
596,495,15,-1,AMMC_L;SAD
596,164,2,-1,AMMC_L
596,428,19,-1,AMMC_L;SAD;WED_L
596,429,4,-1,SAD
596,431,3,-1,AMMC_L;SAD
596,435,6,-1,AMMC_L;WED_L
596,576,1,-1,WED_L
596,439,9,-1,AMMC_L;SAD;WED_L
596,440,20,-1,AMMC_L;AVLP_L;SAD;WED_L
596,583,1,-1,SAD
596,588,2,-1,WED_L
596,444,15,-1,AMMC_L;SAD;WED_L
596,446,4,-1,WED_L
596,264,1,-1,AMMC_L
596,648,1,-1,AMMC_L
596,661,49,-1,AMMC_L;AVLP_L;WED_L
596,665,1,-1,WED_L
596,298,1,-1,SAD
596,464,1,-1,SAD
596,675,22,-1,AMMC_L;AVLP_L;WED_L
596,688,32,-1,AMMC_L;AVLP_L;SAD;WED_L
596,471,26,-1,AMMC_L;AVLP_L;SAD;WED_L
596,343,2,-1,AMMC_L;SAD
596,712,16,-1,AMMC_L;SAD;WED_L
596,713,1,-1,AMMC_L
596,385,1,-1,SAD
596,730,1,-1,AMMC_L
597,547,1,-1,LH_R
597,551,1,-1,AVLP_R
597,709,2,-1,AVLP_R
598,491,1,1,AVLP_L
598,516,1,1,AVLP_L
598,529,1,1,AVLP_R
598,557,2,1,AVLP_R
598,570,1,1,AVLP_L
598,641,1,1,AVLP_R
598,667,3,1,AVLP_R
598,692,1,1,AVLP_R
598,719,3,1,AVLP_R;PVLP_R
599,505,1,-1,IPS_L
599,560,1,-1,LAL_L
599,655,3,-1,IPS_L
238,489,1,1,SAD
238,402,4,1,AMMC_R
238,495,1,1,AMMC_R
238,404,3,1,AMMC_R;SAD
238,409,1,1,AMMC_R
238,410,2,1,AMMC_R
238,423,2,1,AMMC_R
238,583,1,1,SAD
238,278,2,1,AMMC_R
238,397,2,1,AMMC_R
238,467,6,1,AMMC_R
445,495,2,1,AMMC_R;SAD
445,510,5,1,IPS_R;SAD;WED_R
445,415,1,1,SAD
445,536,1,1,IPS_R
445,548,1,1,SAD
445,395,3,1,PVLP_R
445,583,1,1,SAD
445,590,1,1,AVLP_R
445,604,9,1,AVLP_R;SAD;WED_R
445,618,1,1,AVLP_R
445,622,1,1,WED_R
445,626,5,1,AVLP_R;PVLP_R
445,677,4,1,AVLP_R;GNG;SAD
445,396,18,1,AVLP_R;PLP_R;PVLP_R;SAD
445,397,16,1,AVLP_R;PVLP_R;SAD;SPS_R
46,493,1,-1,AL_L
46,713,1,-1,SAD
600,490,5,-1,AVLP_L
600,494,1,-1,AVLP_L
600,513,3,-1,AVLP_L
600,18,1,-1,WED_L
600,550,3,-1,AVLP_L
600,575,1,-1,AVLP_L
600,576,11,-1,AVLP_L;WED_L
600,582,1,-1,AVLP_L
600,583,9,-1,AVLP_L;WED_L
600,620,1,-1,AVLP_L
600,664,6,-1,AVLP_L
600,665,1,-1,AVLP_L
600,666,1,-1,AVLP_L
600,677,1,-1,AVLP_L
600,679,2,-1,AVLP_L
600,398,10,-1,AMMC_L;AVLP_L
600,690,8,-1,AVLP_L;WED_L
600,700,16,-1,AVLP_L;WED_L
600,706,3,-1,AVLP_L
601,538,1,-1,PLP_R
601,543,14,-1,IPS_R;WED_R
601,595,8,-1,IPS_R;WED_R
601,610,5,-1,IPS_R;WED_R
601,622,2,-1,WED_R
601,652,2,-1,IPS_R
601,670,2,-1,WED_R
239,402,15,1,AMMC_R
239,404,3,1,AMMC_R
239,406,2,1,AMMC_R
239,414,1,1,AMMC_R
239,420,1,1,AMMC_R
239,310,2,1,AMMC_R
446,404,1,1,WED_R
446,414,1,1,SAD
446,415,2,1,SAD
446,421,1,1,SAD
446,539,78,1,AVLP_R;SAD;WED_R
446,540,128,1,AVLP_R;SAD;WED_R
446,562,1,1,WED_R
446,571,16,1,AVLP_R;SAD;WED_R
446,576,3,1,WED_L
446,588,5,1,WED_L
446,592,2,1,WED_L
446,596,43,1,WED_L
446,445,1,1,AVLP_R
446,602,3,1,WED_L
446,604,15,1,SAD;WED_R
446,618,82,1,AMMC_R;AVLP_R;SAD;WED_R
446,622,1,1,WED_R
446,634,2,1,WED_L
446,637,27,1,SAD;WED_R
446,661,11,1,WED_L
446,673,1,1,AMMC_R
446,675,77,1,WED_L
446,688,80,1,WED_L
446,471,1,1,WED_R
446,712,18,1,WED_L
446,729,16,1,AVLP_R;SAD;WED_R
447,401,1,1,WED_L
447,543,1,1,WED_R
447,546,1,1,AVLP_R
447,588,3,1,WED_L
447,596,1,1,WED_L
241,423,1,1,AMMC_R
241,179,2,1,AMMC_R
241,228,1,1,AMMC_R
241,607,1,1,AMMC_R
241,247,1,1,AMMC_R
241,324,1,1,AMMC_R
241,469,14,1,AMMC_R;SAD
241,473,3,1,AMMC_R
602,489,30,-1,AMMC_L;GNG;SAD
602,493,2,-1,AMMC_L
602,495,15,-1,AMMC_L;SAD;WED_L
602,104,1,-1,AMMC_L
602,393,26,-1,AMMC_L
602,417,1,-1,AMMC_L
602,424,5,-1,AMMC_L;SAD
602,534,1,-1,SAD
602,394,26,-1,AMMC_L;SAD
602,427,4,-1,AMMC_L;SAD
602,429,5,-1,AMMC_L;WED_L
602,431,2,-1,AMMC_L;SAD
602,435,3,-1,AMMC_L;SAD
602,193,4,-1,AMMC_L
602,576,1,-1,WED_L
602,439,1,-1,AMMC_L
602,580,38,-1,AMMC_L;GNG;SAD
602,216,1,-1,AMMC_L
602,583,12,-1,AMMC_L;SAD;WED_L
602,219,1,-1,AMMC_L
602,444,1,-1,SAD
602,448,3,-1,AMMC_L
602,246,2,-1,AMMC_L
602,452,1,-1,SAD
602,633,8,-1,AMMC_L;SAD
602,634,1,-1,AMMC_L
602,456,26,-1,AMMC_L;GNG;SAD
602,459,3,-1,SAD
602,460,4,-1,AMMC_L;SAD
602,274,3,-1,AMMC_L
602,291,1,-1,AMMC_L
602,665,1,-1,AMMC_L
602,464,2,-1,SAD
602,675,1,-1,AMMC_L
602,677,4,-1,AMMC_L;SAD
602,687,2,-1,AMMC_L
602,471,1,-1,SAD
602,700,10,-1,AMMC_L;WED_L
602,359,1,-1,AMMC_L
602,713,7,-1,AMMC_L
602,730,3,-1,AMMC_L;WED_L
47,495,1,1,AMMC_R
47,548,1,1,AVLP_R
47,555,4,1,AMMC_R;SAD
47,45,1,1,SAD
47,673,1,1,AVLP_R
47,700,5,1,AMMC_R;AVLP_R
604,509,6,1,WED_R
604,531,2,1,WED_L
604,538,2,1,WED_R
604,539,1,1,AVLP_R
604,540,1,1,WED_R
604,543,3,1,WED_R
604,558,2,1,PLP_L
604,588,10,1,PLP_R;SMP_L;SMP_R;WED_L
604,444,1,1,WED_R
604,595,8,1,WED_R
604,596,2,1,WED_L
604,603,1,1,PLP_R
604,606,11,1,WED_L
604,610,1,1,WED_L
604,622,10,1,AVLP_R;LH_R;WED_R
604,629,2,1,SCL_L;WED_L
604,637,1,1,WED_R
604,640,3,1,WED_L
604,660,1,1,WED_R
604,670,2,1,WED_R
604,712,7,1,WED_L
604,729,4,1,WED_R
605,521,1,1,AVLP_L
605,550,1,1,AVLP_L
605,620,1,1,AVLP_L
605,678,1,1,AVLP_L
48,11,1,1,AVLP_R
48,568,1,1,AVLP_R
48,619,1,1,AVLP_R
48,696,1,1,AVLP_R
606,531,1,1,IPS_L
606,536,6,1,WED_R
606,541,2,1,WED_R
606,543,9,1,IPS_R;LH_R;PLP_R;WED_R
606,561,1,1,SAD
606,432,1,1,PVLP_L
606,588,1,1,WED_L
606,592,2,1,WED_L
606,595,3,1,PLP_L;WED_R
606,604,5,1,LH_L;WED_R
606,610,3,1,WED_R
606,622,9,1,PLP_R;WED_R
606,629,1,1,PLP_L
606,663,1,1,WED_R
606,670,2,1,WED_R
606,689,1,1,WED_L
244,405,1,1,SAD
244,407,1,1,AL_L
244,422,1,1,AMMC_L
244,607,2,1,AMMC_L
244,448,1,1,AMMC_L
244,450,1,1,SAD
244,633,2,1,AMMC_L
244,634,1,1,AMMC_L
244,458,1,1,SAD
607,401,1,-1,SAD
607,403,3,-1,AMMC_L;SAD
607,495,1,-1,AMMC_L
607,105,1,-1,AMMC_L
607,135,1,-1,AMMC_L
607,393,3,-1,AMMC_L;SAD
607,417,5,-1,GNG;SAD
607,419,4,-1,AMMC_L
607,424,1,-1,AMMC_L
607,166,4,-1,AMMC_L;WED_L
607,534,1,-1,AMMC_L
607,167,2,-1,AMMC_L
607,25,1,-1,GNG
607,429,1,-1,WED_L
607,191,1,-1,AMMC_L
607,194,2,-1,AMMC_L
607,195,1,-1,AMMC_L
607,437,2,-1,SAD
607,573,1,-1,SAD
607,439,2,-1,GNG
607,214,1,-1,AMMC_L
607,225,1,-1,SAD
607,444,1,-1,SAD
607,244,1,-1,AMMC_L
607,609,5,-1,GNG;SAD
607,448,1,-1,SAD
607,256,1,-1,AMMC_L
607,259,1,-1,AMMC_L
607,260,2,-1,AMMC_L
607,456,10,-1,AMMC_L;SAD
607,458,1,-1,AMMC_L
607,276,4,-1,AMMC_L
607,279,2,-1,AMMC_L
607,302,1,-1,AMMC_L
607,677,13,-1,AMMC_L;SAD
607,331,3,-1,AMMC_L
607,472,11,-1,AMMC_L;SAD
607,353,1,-1,AMMC_L
607,364,1,-1,SAD
607,713,1,-1,AMMC_L
607,721,3,-1,AMMC_L;SAD
608,530,1,1,AVLP_R
608,544,1,1,ICL_R
608,546,3,1,GOR_R;ICL_R;SLP_R
608,395,1,1,AVLP_R
608,587,3,1,GOR_R;ICL_R
608,625,1,1,AVLP_R
608,646,2,1,AVLP_R;PVLP_R
608,660,3,1,GOR_R;ICL_R
609,403,2,-1,SAD
609,393,18,-1,PVLP_L
609,525,5,-1,PVLP_L
609,394,6,-1,PVLP_L
609,562,3,-1,AVLP_R
609,395,3,-1,PVLP_R
609,435,11,-1,GNG;SAD
609,439,1,-1,WED_L
609,602,2,-1,PVLP_L
609,605,2,-1,PVLP_L
609,448,6,-1,SAD
609,611,1,-1,AVLP_R
609,628,1,-1,AVLP_R
609,677,9,-1,AVLP_R;PVLP_L
609,396,47,-1,AVLP_R;PVLP_R
609,397,9,-1,PVLP_R
609,398,5,-1,GNG
609,700,1,-1,AVLP_R
609,472,2,-1,SAD
49,495,1,0,SAD
49,432,1,0,SAD
49,463,1,0,AMMC_L
49,700,1,0,AVLP_L
484,495,1,-1,SAD
484,481,1,-1,SAD
484,417,120,-1,AMMC_L;SAD;WED_L
484,138,1,-1,SAD
484,141,1,-1,SAD
484,419,110,-1,AMMC_L;SAD
484,482,2,-1,AMMC_L;SAD
484,422,10,-1,AMMC_L;SAD
484,164,1,-1,AMMC_L
484,431,9,-1,SAD
484,435,63,-1,AMMC_L;SAD;WED_L
484,439,10,-1,AMMC_L;SAD
484,580,6,-1,AMMC_L
484,442,9,-1,AMMC_L;SAD
484,225,1,-1,AMMC_L
484,444,19,-1,AMMC_L;SAD
484,448,117,-1,AMMC_L;SAD;WED_L
484,450,2,-1,AMMC_L
484,452,53,-1,AMMC_L;SAD
484,458,80,-1,AMMC_L;SAD
484,654,1,-1,SAD
484,463,104,-1,AMMC_L;SAD
484,464,2,-1,SAD
484,325,3,-1,SAD
484,331,2,-1,AMMC_L
484,470,71,-1,AMMC_L;SAD;WED_L
484,347,3,-1,AMMC_L
484,360,1,-1,AMMC_L
484,385,1,-1,WED_L
484,478,72,-1,AMMC_L;SAD
448,489,6,1,AMMC_L
448,403,1,1,SAD
448,495,1,1,AMMC_L
448,404,3,1,AVLP_R;WED_L
448,503,2,1,SAD
448,517,1,1,SAD
448,393,6,1,AMMC_L
448,417,2,1,AMMC_L;SAD
448,527,1,1,AMMC_L
448,424,2,1,AMMC_L;WED_L
448,540,1,1,WED_R
448,394,1,1,AMMC_L
448,432,5,1,AMMC_L;SAD
448,435,1,1,SAD
448,438,1,1,WED_L
448,576,55,1,AMMC_L;AVLP_L;WED_L
448,580,18,1,AMMC_L
448,602,37,1,AMMC_L;SAD;WED_L
448,611,3,1,AVLP_R;WED_R
448,618,2,1,AVLP_R;WED_R
448,633,10,1,AMMC_L
448,634,47,1,AMMC_L;SAD;WED_L
448,637,1,1,AVLP_R
448,644,1,1,SAD
448,648,115,1,AMMC_L;AVLP_L;SAD;WED_L
448,654,1,1,AMMC_L
448,461,2,1,WED_L;WED_R
448,661,109,1,AMMC_L;AVLP_L;SAD;WED_L
448,665,21,1,AVLP_L;WED_L
448,675,7,1,AMMC_L;SAD;WED_L
448,677,16,1,AMMC_L;AVLP_R;SAD;WED_L
448,679,2,1,AMMC_L
448,685,4,1,WED_R
448,688,5,1,AMMC_L;WED_L
448,470,1,1,SAD
448,700,51,1,AMMC_L;AVLP_L;AVLP_R;WED_L;WED_R
448,476,3,1,WED_L;WED_R
448,721,1,1,AMMC_L
448,730,62,1,AMMC_L;SAD;WED_L
50,489,1,1,AVLP_R
50,5,3,1,SAD
50,9,1,1,AMMC_R
50,11,1,1,SAD
50,580,2,1,AMMC_R
50,583,3,1,AMMC_R;AVLP_R;SAD
50,398,1,1,SAD
50,81,1,1,SAD
50,687,2,1,AMMC_R;SAD
50,700,4,1,AMMC_R;SAD
50,399,3,1,AMMC_R
449,677,3,1,AVLP_L;WED_L
449,690,4,1,AVLP_L;WED_L
449,700,1,1,AVLP_R
449,706,1,1,WED_L
51,633,2,1,AMMC_R
450,489,1,1,AMMC_L
450,172,1,1,AL_L
450,437,1,1,SAD
450,580,5,1,AMMC_L
450,583,3,1,AMMC_L;SAD
450,677,1,1,AMMC_L
450,679,1,1,AMMC_L
450,398,3,1,AMMC_L
450,690,3,1,AMMC_L
450,700,1,1,WED_L
450,706,2,1,AMMC_L;SAD
450,399,1,1,AMMC_L
610,503,2,1,WED_L
610,504,5,1,LH_L;PLP_L
610,509,1,1,WED_R
610,510,5,1,SAD;WED_R
610,415,1,1,WED_R
610,531,5,1,IPS_L
610,536,1,1,WED_R
610,543,3,1,PLP_R;WED_R
610,548,4,1,WED_R
610,560,2,1,IPS_L
610,432,1,1,WED_R
610,571,1,1,WED_R
610,576,1,1,WED_L
610,588,2,1,PLP_L
610,595,1,1,ATL_L
610,629,1,1,SCL_R
610,652,1,1,SCL_L
610,683,1,1,IPS_R
610,329,1,1,SAD
451,536,2,1,WED_R
451,543,1,1,WED_R
451,548,16,1,WED_R
451,558,1,1,WED_L
451,561,1,1,WED_L
451,443,1,1,EPA_L
451,588,3,1,IPS_L;PVLP_L;WED_L
451,606,4,1,IPS_L;WED_L
451,617,2,1,PVLP_R;WED_R
451,627,1,1,WED_R
451,652,2,1,WED_R
451,654,1,1,WED_L
451,468,2,1,SAD
247,402,1,1,AMMC_R
247,103,1,1,AMMC_R
247,404,2,1,AMMC_R
247,409,7,1,AMMC_R;SAD
247,423,3,1,AMMC_R
247,160,1,1,AMMC_R
247,446,3,1,AMMC_R
247,241,1,1,AMMC_R
247,468,1,1,AMMC_R
247,469,11,1,AMMC_R;SAD
247,337,4,1,AMMC_R
247,356,1,1,AMMC_R
247,473,7,1,AMMC_R
611,492,2,1,AVLP_R
611,500,9,1,AVLP_R
611,529,4,1,AVLP_R
611,553,6,1,AVLP_R
611,557,8,1,AVLP_R
611,564,1,1,AVLP_R
611,598,2,1,AVLP_R
611,628,1,1,AVLP_R
611,641,2,1,AVLP_R
611,667,22,1,AVLP_R
611,677,1,1,AVLP_R
611,685,27,1,AVLP_R
611,692,9,1,AVLP_R
611,697,1,1,AVLP_R
611,700,2,1,AVLP_R
611,476,1,1,AVLP_R
248,413,1,0,AMMC_L
248,436,2,0,AMMC_L
612,491,1,-1,AVLP_R
612,500,4,-1,AVLP_R
612,519,3,-1,AVLP_L
612,569,1,-1,AVLP_R
612,571,1,-1,AVLP_R
612,588,2,-1,AVLP_L
612,596,2,-1,AVLP_L
612,445,2,-1,AVLP_R;PVLP_R
612,606,2,-1,PVLP_L
612,615,1,-1,AVLP_R
612,626,2,-1,AVLP_R
612,641,1,-1,AVLP_R
612,645,3,-1,AVLP_R
612,660,1,-1,PVLP_R
612,396,1,-1,PLP_R
612,697,4,-1,AVLP_R;PVLP_R
612,700,1,-1,AVLP_L
612,712,7,-1,AVLP_L
612,724,1,-1,AVLP_R
612,729,2,-1,AVLP_R;PVLP_R
612,730,2,-1,PVLP_L
52,721,1,0,SAD
613,401,1,-1,AMMC_L
613,527,1,-1,AMMC_L
613,655,2,-1,IPS_L
614,490,1,1,AVLP_L
614,515,1,1,SCL_L
614,598,1,1,AVLP_L
614,725,1,1,AVLP_L
615,578,2,1,AVLP_L
615,598,1,1,AVLP_L
615,628,1,1,AVLP_R
615,647,1,1,AVLP_R
615,653,1,1,AVLP_R
615,684,1,1,AVLP_L
615,717,1,1,AVLP_L
452,489,9,1,AMMC_L;SAD
452,495,23,1,AMMC_L;SAD;WED_L
452,509,1,1,WED_R
452,393,3,1,AMMC_L;SAD
452,538,4,1,WED_R
452,394,6,1,AMMC_L;SAD
452,545,7,1,WED_R
452,428,1,1,SAD
452,435,1,1,SAD
452,571,3,1,SAD;WED_R
452,580,13,1,AMMC_L;GNG;SAD
452,588,1,1,WED_L
452,444,1,1,WED_L
452,595,2,1,WED_R
452,601,4,1,WED_R
452,446,1,1,SAD
452,604,1,1,WED_R
452,622,3,1,WED_R
452,456,1,1,GNG
452,464,1,1,SAD
452,687,2,1,GNG
452,693,2,1,AMMC_L
452,713,3,1,GNG;SAD
250,495,2,1,AMMC_L;SAD
250,506,16,1,AMMC_L;SAD
250,162,1,1,AMMC_L
250,425,1,1,AMMC_L
250,431,1,1,AMMC_L
250,442,4,1,AMMC_L;SAD
250,459,5,1,AMMC_L;SAD
250,460,4,1,AMMC_L;SAD
250,486,2,1,AMMC_L
250,463,10,1,AMMC_L;SAD
250,470,6,1,AMMC_L;SAD
250,471,8,1,AMMC_L;SAD
251,405,1,-1,AMMC_L
453,507,1,1,AVLP_R
453,515,1,1,AVLP_R
453,542,1,1,AVLP_R
453,667,1,1,AVLP_R
453,700,8,1,AVLP_L;AVLP_R
453,706,1,1,AVLP_L
616,512,1,1,AVLP_L
616,516,1,1,AVLP_L
616,519,1,1,AVLP_L
616,521,1,1,AVLP_L
616,557,2,1,AVLP_R
616,570,7,1,AVLP_L
616,572,3,1,AVLP_R
616,619,1,1,AVLP_R
616,620,1,1,AVLP_L
616,638,1,1,AVLP_R
616,666,2,1,AVLP_L
616,724,1,1,AVLP_R
616,725,1,1,SCL_L
617,411,1,-1,WED_R
617,551,4,-1,GOR_R;ICL_R;PLP_R
617,562,2,-1,AVLP_R;ICL_R
617,577,5,-1,AVLP_R;WED_R
617,604,1,-1,WED_R
252,103,1,1,AMMC_R
252,408,4,1,AMMC_R
252,411,2,1,AMMC_R
252,481,7,1,AMMC_R
252,416,9,1,AMMC_R
252,421,15,1,AMMC_R
252,434,1,1,AMMC_R
252,483,6,1,AMMC_R
252,228,1,1,AMMC_R
252,446,1,1,SAD
252,242,1,1,AMMC_R
252,337,1,1,AMMC_R
618,402,18,-1,AMMC_R;SAD;WED_R
618,495,1,-1,SAD
618,404,12,-1,AMMC_R;AVLP_R;SAD;WED_R
618,106,1,-1,SAD
618,132,4,-1,AMMC_R;SAD
618,415,7,-1,SAD
618,146,1,-1,SAD
618,148,3,-1,SAD
618,420,3,-1,AMMC_R
618,423,2,-1,SAD
618,539,19,-1,AMMC_R;AVLP_R;SAD;WED_R
618,540,26,-1,AVLP_R;SAD;WED_R
618,186,1,-1,SAD
618,435,4,-1,WED_R
618,571,2,-1,WED_R
618,439,1,-1,WED_R
618,440,1,-1,AVLP_R
618,583,11,-1,AMMC_R;AVLP_R;SAD
618,226,3,-1,AMMC_R
618,444,4,-1,AVLP_R;WED_R
618,232,1,-1,SAD
618,238,1,-1,AMMC_R
618,445,1,-1,AVLP_R
618,446,9,-1,AMMC_R;AVLP_R;SAD;WED_R
618,604,1,-1,WED_R
618,637,4,-1,AVLP_R;WED_R
618,269,3,-1,AMMC_R
618,278,1,-1,SAD
618,461,1,-1,AVLP_R
618,308,1,-1,SAD
618,677,2,-1,AVLP_R;WED_R
618,467,2,-1,AMMC_R;SAD
618,700,1,-1,AVLP_R
618,342,1,-1,SAD
618,344,2,-1,AMMC_R;SAD
618,370,2,-1,AMMC_R
618,371,1,-1,SAD
618,372,1,-1,SAD
618,729,16,-1,AVLP_R;SAD;WED_R
254,119,1,-1,AMMC_R
53,495,2,0,AMMC_L;SAD
53,583,1,0,SAD
53,687,1,0,SAD
53,700,1,0,AMMC_L
53,721,4,0,SAD
255,675,1,-1,AMMC_L
485,406,5,-1,AMMC_R;SAD
485,408,17,-1,AMMC_R;SAD
485,409,1,-1,SAD
485,122,3,-1,AMMC_R;SAD
485,411,2,-1,AMMC_R
485,510,2,-1,AMMC_R
485,481,1,-1,AMMC_R
485,415,1,-1,AMMC_R
485,416,50,-1,AMMC_R;SAD
485,482,1,-1,SAD
485,420,38,-1,AMMC_R;SAD
485,421,29,-1,AMMC_R;SAD
485,434,2,-1,AMMC_R
485,580,17,-1,AMMC_R;SAD
485,261,1,-1,AMMC_R
485,457,2,-1,AMMC_R
485,465,22,-1,AMMC_R;SAD
485,305,1,-1,SAD
485,468,1,-1,AMMC_R
485,469,17,-1,AMMC_R;SAD
485,473,20,-1,AMMC_R;SAD
619,487,7,1,AVLP_R
619,492,3,1,AVLP_R
619,500,3,1,AVLP_R
619,507,1,1,AVLP_R
619,515,1,1,AVLP_R
619,542,2,1,AVLP_R
619,564,14,1,AVLP_R
619,566,22,1,AVLP_R
619,568,3,1,AVLP_R
619,437,1,1,AVLP_R
619,572,1,1,AVLP_R
619,583,2,1,AVLP_R
619,615,3,1,AVLP_R
619,641,20,1,AVLP_R
619,645,3,1,AVLP_R
619,650,4,1,AVLP_R
619,667,17,1,AVLP_R
619,685,16,1,AVLP_R
619,691,1,1,AVLP_R
619,696,3,1,AVLP_R
619,697,4,1,AVLP_R
619,700,2,1,AVLP_R
619,726,1,1,AVLP_R
620,490,9,-1,AVLP_L
620,519,1,-1,AVLP_L
620,520,1,-1,AVLP_L
620,550,4,-1,AVLP_L
620,570,2,-1,AVLP_L
620,575,2,-1,AVLP_L
620,579,10,-1,AVLP_L
620,605,1,-1,AVLP_L
620,615,1,-1,AVLP_L
620,616,2,-1,AVLP_L
620,624,3,-1,AVLP_L
620,642,6,-1,AVLP_L
620,651,1,-1,AVLP_L
620,664,2,-1,AVLP_L
620,666,12,-1,AVLP_L
620,677,1,-1,AVLP_L
620,678,3,-1,AVLP_L
620,679,1,-1,AVLP_L
620,684,3,-1,AVLP_L
620,700,1,-1,AVLP_L
620,710,2,-1,AVLP_L
620,717,1,-1,AVLP_L
454,495,2,1,SAD
454,509,3,1,WED_R
454,421,1,1,SAD
454,527,2,1,SAD
454,422,2,1,SAD
454,538,15,1,WED_R
454,543,2,1,WED_R
454,545,9,1,WED_R
454,571,2,1,WED_R
454,440,1,1,SAD
454,595,3,1,WED_R
454,601,7,1,WED_R
454,610,3,1,WED_R
454,622,3,1,WED_R
454,478,2,1,SAD;WED_R
54,9,1,1,AMMC_R
54,11,1,1,AVLP_R
54,542,1,1,AVLP_R
54,565,1,1,AMMC_R
54,580,2,1,AMMC_R
54,40,1,1,AVLP_R
54,583,3,1,AVLP_R;SAD
54,687,6,1,AMMC_R;AVLP_R
54,399,3,1,AMMC_R
55,583,1,1,AMMC_L
55,713,1,1,SAD
55,721,1,1,AMMC_L
621,526,1,-1,PLP_L
622,488,1,1,WED_R
622,524,1,1,WED_R
622,531,2,1,WED_L
622,536,4,1,WED_R
622,543,8,1,WED_R
622,562,2,1,PLP_R;WED_R
622,571,1,1,WED_R
622,588,13,1,PLP_R;WED_L;WED_R
622,595,3,1,PLP_L;PLP_R;WED_R
622,603,1,1,PLP_R
622,604,4,1,PLP_R;WED_R
622,606,4,1,WED_L
622,610,1,1,WED_R
622,629,1,1,PLP_L
622,660,4,1,WED_R
622,477,1,1,WED_R
56,80,1,1,SAD
257,402,1,0,AMMC_R
257,414,1,0,AMMC_R
257,548,1,0,SAD
257,467,1,0,SAD
623,632,2,-1,PVLP_L
623,686,1,-1,AVLP_L
455,487,3,1,AVLP_R
455,407,1,1,AVLP_L
455,507,13,1,AVLP_R;WED_R
455,542,21,1,AVLP_R;WED_R
455,564,1,1,AVLP_R
455,565,5,1,AVLP_R
455,437,1,1,AVLP_L
455,619,31,1,AVLP_R
455,677,8,1,AVLP_L;AVLP_R
455,700,30,1,AVLP_L;AVLP_R;WED_L
455,706,1,1,AVLP_L
455,715,20,1,AVLP_R;WED_R
624,502,1,1,AVLP_L
624,513,1,1,AVLP_L
624,519,2,1,AVLP_L
624,579,1,1,AVLP_L
624,616,1,1,AVLP_L
624,620,1,1,AVLP_L
624,651,1,1,AVLP_L
624,678,2,1,AVLP_L;SIP_L
624,717,2,1,AVLP_L;SCL_L
624,724,1,1,SCL_L
624,725,3,1,AVLP_L;SCL_L
625,530,3,-1,AVLP_R;PVLP_R
625,586,2,-1,AVLP_R
625,590,1,-1,AVLP_R
625,626,1,-1,AVLP_R
625,635,1,-1,AVLP_L
625,716,4,-1,AVLP_L;PVLP_L
260,407,1,0,AMMC_L
260,417,1,0,AMMC_L
260,430,1,0,AMMC_L
260,312,1,0,AMMC_L
261,395,1,1,AMMC_R
261,580,2,1,AMMC_R
261,721,1,1,AMMC_R
626,494,1,1,PVLP_R
626,544,1,1,ICL_R
626,546,1,1,AVLP_R
626,590,1,1,PVLP_R
626,608,5,1,GOR_R;ICL_R
626,625,1,1,AVLP_R
626,630,1,1,SLP_R
626,660,1,1,ICL_R
627,504,6,-1,IPS_R;SCL_R
627,524,1,-1,WED_R
627,595,2,-1,IPS_R
627,610,1,-1,IPS_R
627,652,7,-1,IPS_R;WED_R
628,615,1,1,AVLP_R
628,638,2,1,AVLP_R
628,645,1,1,AVLP_R
628,692,4,1,AVLP_R;SCL_R;SMP_R
628,701,2,1,SLP_R
628,709,2,1,AVLP_R
628,724,3,1,AVLP_R
629,488,1,-1,WED_R
629,543,2,-1,PLP_L;PLP_R
629,552,2,-1,WED_L
629,554,4,-1,PLP_L;WED_L
629,556,1,-1,PLP_R
629,558,4,-1,PLP_L;SCL_L;WED_L
629,588,1,-1,PLP_L
629,595,1,-1,WED_R
629,603,5,-1,PLP_R
629,606,5,-1,PLP_L;SMP_R;WED_L
629,622,2,-1,ATL_L;ICL_L
629,652,1,-1,WED_R
629,670,3,-1,WED_R
629,712,1,-1,WED_L
630,501,1,1,ICL_L
630,592,1,1,ICL_L
630,660,1,1,ICL_R
630,682,2,1,ICL_R
630,699,1,1,SIP_R
631,498,1,1,ICL_L
631,501,4,1,GOR_L;ICL_L
631,528,3,1,ICL_L;PVLP_L
631,630,2,1,ICL_L
631,656,1,1,ICL_L
631,660,2,1,ICL_R
631,662,2,1,AVLP_L;GOR_L
631,682,7,1,ICL_L
631,695,1,1,ICL_L
631,704,1,1,ICL_L
631,705,2,1,GOR_R
631,714,1,1,AVLP_L
262,94,1,1,AMMC_L
262,140,1,1,SAD
262,527,1,1,AMMC_L
262,431,3,1,AMMC_L;SAD
262,432,1,1,AMMC_L
262,583,1,1,SAD
262,471,7,1,AMMC_L;SAD
262,713,2,1,AMMC_L
58,405,1,0,AMMC_L
59,721,1,1,AMMC_L
60,489,3,1,AMMC_R
60,13,1,1,AMMC_R
60,607,3,1,AMMC_R
60,633,1,1,AMMC_R
60,721,1,1,AMMC_R
61,493,1,0,AMMC_R
61,673,1,0,AMMC_R
632,623,1,-1,AVLP_L
62,489,1,1,AMMC_L
62,687,1,1,AMMC_L
62,706,1,1,AMMC_L
62,399,4,1,AMMC_L;AVLP_L
63,580,2,1,AMMC_L
63,53,1,1,UNASGD
63,633,2,1,AMMC_L
63,713,1,1,AMMC_L
63,721,2,1,AMMC_L;SAD
633,489,1,-1,AMMC_R
633,495,1,-1,AMMC_R
633,410,2,-1,AMMC_L
633,393,13,-1,AMMC_L;SAD
633,13,1,-1,AMMC_R
633,423,1,-1,AMMC_L
633,20,1,-1,AMMC_R
633,394,9,-1,AMMC_L
633,395,13,-1,AMMC_R;SAD
633,44,1,-1,AMMC_L
633,602,1,-1,AMMC_L
633,51,4,-1,AMMC_R
633,456,1,-1,AMMC_L
633,269,1,-1,AMMC_R
633,465,1,-1,AMMC_R
633,397,12,-1,AMMC_R;SAD
633,687,1,-1,GNG
633,713,2,-1,AMMC_L;SAD
634,489,30,-1,AMMC_L;SAD;WED_L
634,493,12,-1,AMMC_L;SAD
634,495,16,-1,AMMC_L;SAD;WED_L
634,404,1,-1,WED_L
634,393,30,-1,AMMC_L;PVLP_L;SAD
634,424,1,-1,AMMC_L
634,394,18,-1,AMMC_L;SAD
634,429,1,-1,SAD
634,431,1,-1,WED_L
634,432,1,-1,AMMC_L
634,435,3,-1,AMMC_L;SAD
634,200,1,-1,AMMC_L
634,576,1,-1,WED_L
634,439,3,-1,AMMC_L;SAD
634,580,28,-1,AMMC_L;SAD
634,583,6,-1,AMMC_L;SAD
634,219,3,-1,AMMC_L
634,448,2,-1,AMMC_L
634,452,1,-1,SAD
634,633,15,-1,AMMC_L;SAD
634,456,15,-1,AMMC_L;SAD;WED_L
634,459,2,-1,SAD
634,274,2,-1,AMMC_L
634,277,1,-1,AMMC_L
634,661,2,-1,AMMC_L;WED_L
634,665,3,-1,AMMC_L
634,675,1,-1,SAD
634,677,13,-1,AMMC_L;SAD
634,687,7,-1,AMMC_L;SAD
634,693,1,-1,WED_L
634,700,8,-1,AMMC_L;WED_L
634,473,1,-1,SAD
634,713,14,-1,AMMC_L;SAD
634,381,1,-1,AMMC_L
635,559,1,1,SCL_L
635,589,3,1,GOR_L;ICL_L
635,592,1,1,AVLP_L
635,594,1,1,ICL_L
635,698,1,1,SLP_L
635,714,5,1,AVLP_L;ICL_L
635,716,2,1,SLP_L
456,489,15,1,AMMC_L;SAD
456,495,1,1,AMMC_L
456,393,66,1,AMMC_L;PVLP_L
456,420,6,1,PVLP_L;PVLP_R
456,394,60,1,AMMC_L;PVLP_L;SAD
456,427,2,1,AMMC_L;SAD
456,428,1,1,SAD
456,429,2,1,AMMC_L;GNG
456,395,6,1,PVLP_R
456,431,1,1,SAD
456,436,1,1,AMMC_L
456,580,12,1,AMMC_L;GNG
456,602,2,1,AMMC_L
456,633,20,1,AMMC_L
456,634,11,1,AMMC_L;PVLP_L
456,457,1,1,PVLP_R
456,459,1,1,SAD
456,654,2,1,PVLP_L
456,677,2,1,GNG
456,396,6,1,PVLP_R
456,397,20,1,PVLP_R
456,687,62,1,AMMC_L;GNG;SAD
456,693,13,1,AMMC_L;PVLP_L
456,470,1,1,SAD
456,471,2,1,SAD
456,713,72,1,AMMC_L;GNG;SAD
456,730,11,1,PVLP_L
264,107,1,-1,AMMC_L
264,431,2,-1,AMMC_L
264,448,1,-1,AMMC_L
264,712,1,-1,AMMC_L
457,489,1,1,AMMC_R
457,411,1,1,AMMC_R
457,510,1,1,SAD
457,415,1,1,WED_R
457,395,4,1,AMMC_R
457,396,6,1,AVLP_R;EPA_R
457,397,8,1,AMMC_R;PVLP_R
636,511,1,1,EPA_R
636,520,2,1,AVLP_R
636,569,1,1,EPA_R
636,643,1,1,AVLP_R
636,647,1,1,AVLP_R
636,660,2,1,AVLP_R;EPA_R
636,701,1,1,AVLP_R
636,720,5,1,AVLP_R
637,488,1,-1,WED_R
637,402,1,-1,WED_R
637,404,1,-1,SAD
637,508,2,-1,AVLP_R
637,414,3,-1,AMMC_R;SAD
637,415,13,-1,AMMC_R;AVLP_R;SAD;WED_R
637,418,3,-1,AMMC_R;SAD
637,147,2,-1,SAD
637,533,2,-1,AVLP_R
637,539,3,-1,WED_R
637,540,4,-1,AVLP_R;WED_R
637,548,1,-1,SAD
637,429,1,-1,WED_R
637,435,1,-1,AVLP_R
637,568,1,-1,AVLP_R
637,444,2,-1,WED_R
637,445,7,-1,AMMC_R;SAD;WED_R
637,446,10,-1,SAD;WED_R
637,604,2,-1,WED_R
637,611,1,-1,AVLP_R
637,618,4,-1,WED_R
637,622,3,-1,AVLP_R;WED_R
637,653,1,-1,AVLP_R
637,667,26,-1,AVLP_R;WED_R
637,685,10,-1,AVLP_R
637,467,5,-1,SAD
637,471,2,-1,WED_R
637,384,3,-1,SAD
458,489,2,1,AMMC_L
458,495,2,1,AMMC_L
458,405,1,1,AMMC_L
458,407,1,1,AMMC_L
458,517,1,1,AMMC_L
458,419,1,1,AMMC_L
458,576,2,1,AVLP_L
458,580,9,1,AMMC_L;SAD
458,583,18,1,AMMC_L;SAD;WED_L
458,600,1,1,WED_L
458,450,1,1,SAD
458,633,2,1,AMMC_L
458,648,5,1,AMMC_L;AVLP_L
458,665,45,1,AMMC_L;AVLP_L;SAD
458,677,26,1,AMMC_L;AVLP_L;AVLP_R;SAD;WED_L;WED_R
458,679,6,1,AMMC_L;AVLP_L;WED_L
458,398,1,1,AMMC_L
458,690,81,1,AMMC_L;AVLP_L;SAD;WED_L
458,700,32,1,AMMC_L;AVLP_L;AVLP_R;SAD;WED_L
458,472,1,1,AMMC_L
458,706,19,1,AMMC_L;AVLP_L;SAD;WED_L
458,399,3,1,AMMC_L
458,730,3,1,AMMC_L
64,87,1,-1,AMMC_L
268,413,1,0,AMMC_L
268,427,1,0,AMMC_L
268,437,1,0,AMMC_L
268,456,1,0,AMMC_L
459,488,2,1,AVLP_R
459,503,9,1,GNG;SAD
459,409,1,1,SAD
459,411,3,1,PVLP_R;WED_L;WED_R
459,539,4,1,WED_R
459,540,2,1,SAD;WED_R
459,543,3,1,AVLP_R;WED_R
459,427,2,1,SAD
459,548,13,1,SAD;WED_R
459,428,1,1,WED_L
459,558,2,1,WED_L
459,432,2,1,PVLP_L;PVLP_R
459,571,16,1,AVLP_R;SAD;WED_R
459,577,4,1,WED_R
459,588,6,1,AVLP_L;SAD;WED_L
459,591,5,1,WED_L
459,595,4,1,SAD;WED_R
459,596,5,1,WED_L
459,446,1,1,WED_R
459,602,11,1,SAD;WED_L
459,604,3,1,AVLP_R;WED_R
459,606,3,1,WED_L
459,610,1,1,SAD
459,617,3,1,WED_R
459,618,3,1,WED_R
459,622,6,1,AVLP_R;WED_R
459,634,9,1,SAD;WED_L
459,637,13,1,SAD;WED_R
459,644,1,1,SAD
459,654,10,1,PVLP_L;SAD;WED_L
459,659,2,1,WED_L
459,463,1,1,SAD
459,675,2,1,WED_L
459,688,4,1,WED_L
459,473,1,1,WED_L
459,712,1,1,WED_L
459,722,9,1,SAD;WED_L
459,729,2,1,WED_R
459,730,9,1,WED_L
638,529,3,1,AVLP_R;SLP_R
638,697,1,1,SLP_R
638,724,1,1,AVLP_R
639,520,1,-1,AVLP_R
639,529,1,-1,AVLP_R
639,530,1,-1,PVLP_R
639,546,1,-1,AVLP_R
639,595,3,-1,WED_R
639,622,1,-1,AVLP_R
639,625,1,-1,AVLP_R
639,629,1,-1,WED_R
639,646,6,-1,AVLP_R
639,660,26,-1,AVLP_R;PVLP_R
640,606,9,-1,IPS_L;SAD
641,487,2,-1,AVLP_R
641,492,5,-1,AVLP_R
641,500,2,-1,AVLP_R
641,507,13,-1,AVLP_R
641,508,2,-1,AVLP_R
641,515,1,-1,AVLP_R
641,529,2,-1,AVLP_R
641,542,9,-1,AVLP_R
641,553,1,-1,AVLP_R
641,557,5,-1,AVLP_R
641,563,3,-1,AVLP_R
641,565,2,-1,AVLP_R
641,566,2,-1,AVLP_R
641,567,1,-1,AVLP_R
641,568,4,-1,AVLP_R
641,598,2,-1,AVLP_R
641,612,1,-1,AVLP_R
641,615,1,-1,AVLP_R
641,619,17,-1,AVLP_R
641,638,2,-1,AVLP_R
641,645,3,-1,AVLP_R
641,650,1,-1,AVLP_R
641,667,2,-1,AVLP_R
641,685,27,-1,AVLP_R
641,691,1,-1,AVLP_R
641,697,1,-1,AVLP_R
641,700,1,-1,AVLP_R
641,701,4,-1,AVLP_R
641,399,5,-1,AVLP_R
641,715,16,-1,AVLP_R
641,720,2,-1,AVLP_R
641,726,5,-1,AVLP_R
642,519,1,-1,AVLP_L
642,575,1,-1,AVLP_L
642,579,1,-1,AVLP_L
642,620,2,-1,AVLP_L
642,635,1,-1,AVLP_L
642,666,3,-1,AVLP_L
269,415,1,0,AMMC_R
269,465,1,0,AMMC_R
643,514,3,1,AVLP_R;ICL_R
643,520,5,1,AVLP_R
643,533,1,1,SCL_R
643,569,3,1,AVLP_R;ICL_R
643,630,1,1,AVLP_R
643,636,1,1,AVLP_R
643,653,1,1,EPA_R
643,682,6,1,BU_R;ICL_R;SCL_R
643,695,1,1,SCL_R
643,699,7,1,ICL_R;SCL_R;SIP_R
643,703,1,1,AVLP_R
643,705,2,1,ICL_R;SCL_R
270,188,1,-1,AMMC_R
271,407,1,-1,AMMC_L
272,424,3,1,AMMC_L
272,425,3,1,AMMC_L;SAD
272,165,1,1,AMMC_L
272,427,1,1,AMMC_L
272,485,2,1,AMMC_L;SAD
272,463,1,1,AMMC_L
272,470,1,1,AMMC_L
644,95,1,-1,AMMC_L
644,495,2,-1,SAD
644,110,4,-1,AMMC_L
644,3,6,-1,AMMC_L
644,6,2,-1,SAD
644,10,3,-1,SAD
644,517,1,-1,SAD
644,417,1,-1,AMMC_L
644,139,1,-1,AMMC_L
644,142,4,-1,AMMC_L
644,157,1,-1,AMMC_L
644,424,11,-1,AMMC_L
644,165,2,-1,AMMC_L
644,174,1,-1,AMMC_L
644,184,1,-1,AMMC_L
644,429,3,-1,SAD
644,431,2,-1,AMMC_L
644,26,5,-1,AMMC_L;SAD
644,435,5,-1,AMMC_L;SAD
644,30,6,-1,SAD
644,196,1,-1,AMMC_L
644,200,1,-1,AMMC_L
644,202,8,-1,AMMC_L
644,34,3,-1,AMMC_L
644,213,3,-1,AMMC_L
644,583,6,-1,SAD
644,218,1,-1,AMMC_L
644,591,1,-1,AMMC_L
644,444,1,-1,SAD
644,229,4,-1,AMMC_L
644,233,2,-1,AMMC_L
644,49,3,-1,SAD
644,246,2,-1,AMMC_L
644,53,1,-1,SAD
644,62,7,-1,AMMC_L;SAD
644,63,2,-1,AMMC_L
644,263,2,-1,SAD
644,456,1,-1,SAD
644,267,2,-1,AMMC_L
644,277,2,-1,AMMC_L
644,286,1,-1,AMMC_L
644,291,1,-1,AMMC_L
644,292,2,-1,AMMC_L
644,299,3,-1,SAD
644,301,1,-1,AMMC_L
644,303,1,-1,AMMC_L
644,77,3,-1,SAD
644,322,2,-1,AMMC_L;SAD
644,335,2,-1,AMMC_L
644,471,1,-1,SAD
644,336,2,-1,AMMC_L
644,338,1,-1,AMMC_L
644,339,1,-1,AMMC_L
644,700,2,-1,AMMC_L;SAD
644,472,3,-1,SAD
644,349,1,-1,AMMC_L
644,363,2,-1,AMMC_L
644,92,1,-1,SAD
644,382,2,-1,AMMC_L
644,721,1,-1,SAD
645,515,1,1,AVLP_R
645,557,3,1,AVLP_R
645,612,2,1,AVLP_R
645,638,1,1,AVLP_R
645,641,1,1,AVLP_R
645,696,1,1,AVLP_R
645,701,1,1,AVLP_R
645,726,2,1,AVLP_R
273,469,1,1,SAD
460,503,9,1,SAD
460,411,1,1,AVLP_R
460,517,2,1,SAD
460,543,6,1,AVLP_R;PVLP_R;WED_R
460,427,1,1,EPA_R
460,548,8,1,WED_R
460,554,1,1,WED_L
460,428,1,1,WED_L
460,558,1,1,WED_L
460,562,3,1,AVLP_R
460,571,6,1,AVLP_R;WED_R
460,577,2,1,WED_R
460,442,4,1,AMMC_L;PVLP_R;SAD
460,588,5,1,WED_L
460,591,4,1,SAD;WED_L
460,595,6,1,IPS_R;WED_R
460,602,4,1,WED_L
460,604,7,1,WED_R
460,606,6,1,SAD;WED_L
460,610,6,1,SAD;WED_R
460,617,3,1,WED_R
460,622,2,1,AVLP_R;WED_R
460,634,8,1,PVLP_L;WED_L
460,637,10,1,WED_R
460,654,13,1,PVLP_L;WED_L
460,661,2,1,WED_L
460,675,1,1,PVLP_L
460,688,4,1,WED_L
460,473,1,1,SAD
460,475,1,1,WED_L
460,375,1,1,SAD
460,722,9,1,AMMC_L;SAD;WED_L
460,730,5,1,WED_L
66,495,4,1,AMMC_R
66,583,1,1,SAD
66,607,5,1,AMMC_R
66,469,5,1,AMMC_R;SAD
66,713,1,1,AMMC_R
646,520,1,1,AVLP_R
646,546,1,1,SCL_R
646,626,1,1,ICL_R
646,660,26,1,AVLP_R;GOR_R;ICL_R;PVLP_R
647,520,1,-1,AVLP_R
647,612,1,-1,AVLP_R
647,630,1,-1,AVLP_R
647,643,1,-1,AVLP_R
647,677,1,-1,AVLP_R
647,399,1,-1,AVLP_R
647,724,1,-1,AVLP_R
274,403,5,-1,AMMC_L;SAD
274,413,1,-1,AMMC_L
274,424,30,-1,AMMC_L;SAD
274,425,2,-1,AMMC_L;SAD
274,429,5,-1,AMMC_L;SAD
274,431,1,-1,AMMC_L
274,442,4,-1,AMMC_L;SAD
274,485,2,-1,AMMC_L
274,634,4,-1,SAD
274,456,15,-1,AMMC_L;SAD
274,458,1,-1,SAD
274,486,5,-1,AMMC_L;SAD
274,463,1,-1,AMMC_L
274,689,1,-1,SAD
274,470,5,-1,AMMC_L;SAD
274,472,17,-1,AMMC_L;SAD
648,403,3,-1,AMMC_L;AVLP_L;WED_L
648,404,4,-1,WED_L
648,105,1,-1,AMMC_L
648,126,1,-1,AMMC_L
648,127,1,-1,AMMC_L
648,393,1,-1,AVLP_L
648,417,18,-1,AMMC_L;AVLP_L;SAD;WED_L
648,419,8,-1,AMMC_L;AVLP_L;WED_L
648,159,2,-1,AMMC_L
648,422,1,-1,SAD
648,424,13,-1,AMMC_L;AVLP_L;WED_L
648,429,1,-1,AMMC_L
648,433,1,-1,WED_L
648,435,10,-1,AMMC_L;WED_L
648,438,2,-1,AVLP_L;WED_L
648,575,1,-1,AVLP_L
648,576,4,-1,AVLP_L;WED_L
648,580,1,-1,AMMC_L
648,225,1,-1,AMMC_L
648,596,4,-1,AVLP_L;WED_L
648,600,1,-1,AVLP_L
648,602,1,-1,WED_L
648,244,4,-1,AMMC_L
648,448,26,-1,AMMC_L;AVLP_L;WED_L
648,251,1,-1,AMMC_L
648,59,1,-1,AMMC_L
648,634,2,-1,AMMC_L;WED_L
648,458,2,-1,AMMC_L
648,461,9,-1,WED_L
648,661,6,-1,AVLP_L;WED_L
648,665,8,-1,AVLP_L;WED_L
648,302,1,-1,AMMC_L
648,675,2,-1,WED_L
648,677,5,-1,AMMC_L;AVLP_L
648,679,1,-1,WED_L
648,318,2,-1,AMMC_L
648,680,1,-1,AVLP_L
648,319,1,-1,AMMC_L
648,398,2,-1,AMMC_L
648,690,7,-1,AVLP_L;WED_L
648,334,1,-1,AMMC_L
648,700,31,-1,AMMC_L;AVLP_L;WED_L
648,472,5,-1,AMMC_L;AVLP_L
648,706,4,-1,AVLP_L;WED_L
648,86,3,-1,AMMC_L
648,353,1,-1,AMMC_L
648,87,2,-1,AMMC_L
648,712,1,-1,WED_L
648,476,3,-1,AVLP_L;WED_L
648,722,1,-1,WED_L
648,730,3,-1,WED_L
275,495,3,1,SAD
275,510,28,1,AMMC_R;SAD
275,415,10,1,AMMC_R;SAD
275,548,6,1,SAD
275,555,1,1,SAD
275,577,1,1,AMMC_R
275,583,2,1,SAD
275,228,1,1,SAD
275,445,2,1,SAD
275,652,2,1,SAD
275,329,1,1,SAD
275,469,4,1,SAD
649,501,2,1,GOR_R
649,660,8,1,GOR_R;PVLP_R
649,682,1,1,ICL_R
67,493,3,1,AMMC_L
67,495,2,1,AMMC_L;SAD
67,517,1,1,AMMC_L
67,700,3,1,AMMC_L;AVLP_L
650,498,1,1,SCL_L
650,593,1,1,SCL_L
650,645,1,1,AVLP_R
276,403,1,-1,AMMC_L
276,654,1,-1,WED_L
651,490,3,-1,AVLP_L
651,513,3,-1,AVLP_L
651,519,1,-1,AVLP_L
651,550,5,-1,AVLP_L
651,575,7,-1,AVLP_L
651,578,1,-1,AVLP_L
651,579,4,-1,AVLP_L
651,582,2,-1,AVLP_L
651,620,2,-1,AVLP_L
651,624,2,-1,AVLP_L
651,657,1,-1,AVLP_L
651,666,4,-1,AVLP_L
651,678,1,-1,AVLP_L
651,398,1,-1,AVLP_L
651,706,1,-1,AVLP_L
277,431,1,-1,AMMC_L
652,504,5,1,LH_L;PLP_L;PLP_R
652,595,1,1,PLP_L
652,610,2,1,PLP_L;PLP_R
652,622,2,1,ATL_L;SCL_L
278,340,1,0,AMMC_R
68,687,1,1,GNG
653,514,13,1,AVLP_R;EPA_R;ICL_R
653,528,1,1,ICL_R
653,533,3,1,AVLP_R;EPA_R;ICL_R
653,569,2,1,AVLP_R;ICL_R
653,585,2,1,AVLP_R
653,643,1,1,SIP_R
653,656,1,1,ICL_R
653,669,23,1,AVLP_R;EPA_R;LAL_R;PVLP_R
653,703,2,1,AVLP_R;EPA_R
653,728,10,1,AVLP_R;EPA_R;ICL_R;PVLP_R
654,94,2,-1,AMMC_L
654,493,4,-1,SAD
654,495,13,-1,AMMC_L;SAD
654,0,1,-1,AVLP_L
654,3,3,-1,AMMC_L
654,131,1,-1,AMMC_L
654,140,3,-1,SAD
654,420,5,-1,PVLP_L
654,424,3,-1,AMMC_L;WED_L
654,164,4,-1,AMMC_L
654,534,1,-1,AMMC_L
654,429,8,-1,AMMC_L;SAD;WED_L
654,431,5,-1,AMMC_L;SAD;WED_L
654,26,2,-1,SAD
654,435,3,-1,AMMC_L;SAD
654,202,9,-1,AMMC_L
654,207,2,-1,AMMC_L
654,576,1,-1,WED_L
654,439,1,-1,WED_L
654,580,2,-1,SAD
654,442,1,-1,AMMC_L
654,224,2,-1,SAD
654,225,3,-1,SAD
654,233,1,-1,AMMC_L
654,602,1,-1,WED_L
654,49,1,-1,SAD
654,448,1,-1,AMMC_L
654,262,2,-1,AMMC_L
654,634,2,-1,AMMC_L;PVLP_L
654,456,15,-1,AMMC_L;PVLP_L;SAD;WED_L
654,264,1,-1,SAD
654,67,1,-1,SAD
654,276,5,-1,AMMC_L;SAD;WED_L
654,279,2,-1,SAD
654,281,2,-1,SAD
654,463,2,-1,PVLP_L;WED_L
654,665,1,-1,WED_L
654,464,1,-1,SAD
654,302,1,-1,AMMC_L
654,318,1,-1,AMMC_L
654,321,1,-1,AMMC_L
654,330,2,-1,AMMC_L
654,331,3,-1,SAD
654,470,1,-1,SAD
654,471,5,-1,AMMC_L;SAD
654,700,1,-1,SAD
654,343,1,-1,AMMC_L
654,359,1,-1,AMMC_L
654,713,1,-1,AMMC_L
654,366,1,-1,AMMC_L
654,379,1,-1,SAD
654,381,4,-1,AMMC_L
654,385,1,-1,AMMC_L
654,721,2,-1,SAD
654,730,5,-1,WED_L
280,406,1,0,AMMC_R
280,580,2,0,AMMC_R
280,633,1,0,AMMC_R
461,402,1,1,WED_R
461,508,1,1,WED_R
461,424,1,1,AVLP_R
461,435,1,1,AVLP_R
461,568,1,1,WED_R
461,571,7,1,AVLP_R;WED_R
461,438,4,1,AVLP_R;WED_L
461,576,38,1,WED_L
461,580,2,1,WED_R
461,445,1,1,SAD
461,602,1,1,WED_L
461,611,14,1,AVLP_R;WED_R
461,618,2,1,WED_R
461,634,3,1,WED_L
461,637,5,1,AVLP_R;SAD
461,648,50,1,WED_L
461,661,10,1,WED_L
461,665,30,1,WED_L
461,673,1,1,SAD
461,677,6,1,AVLP_R;WED_R
461,696,3,1,AVLP_R
461,700,27,1,AVLP_R;WED_L;WED_R
461,730,14,1,WED_L
281,431,1,1,SAD
281,573,1,1,SAD
281,456,1,1,SAD
69,26,1,0,SAD
462,527,1,1,SAD
462,537,1,1,AVLP_R
462,543,6,1,WED_R
462,548,7,1,WED_R
462,588,2,1,WED_L
462,595,1,1,WED_R
462,447,1,1,WED_L
462,622,1,1,WED_R
462,722,1,1,SAD
462,478,1,1,SAD
486,406,10,-1,AMMC_R;SAD
486,408,12,-1,AMMC_R;SAD
486,409,1,-1,AMMC_R
486,122,5,-1,AMMC_R;SAD
486,416,28,-1,AMMC_R;SAD
486,482,2,-1,AMMC_R;SAD
486,420,26,-1,AMMC_R;SAD
486,421,7,-1,AMMC_R;SAD
486,155,3,-1,AMMC_R;SAD
486,434,3,-1,AMMC_R;SAD
486,201,2,-1,AMMC_R
486,580,8,-1,AMMC_R;SAD
486,442,1,-1,AMMC_L
486,445,1,-1,AMMC_R
486,457,1,-1,AMMC_R
486,461,1,-1,SAD
486,463,1,-1,SAD
486,465,9,-1,AMMC_R;SAD
486,305,3,-1,AMMC_R;SAD
486,468,2,-1,AMMC_R;SAD
486,469,8,-1,AMMC_R;SAD
486,473,11,-1,AMMC_R;SAD
655,599,1,-1,IPS_L
655,613,1,-1,IPS_L
70,489,5,1,AMMC_R
70,577,1,1,AMMC_R
70,580,3,1,AMMC_R
70,583,3,1,AMMC_R
70,607,4,1,AMMC_R
70,633,6,1,AMMC_R
70,396,1,1,AMMC_R
70,78,1,1,AMMC_R
70,474,1,1,AMMC_R
656,501,1,1,ICL_L
656,528,1,1,SIP_L
656,569,1,1,ICL_R
656,647,2,1,AVLP_L
656,695,1,1,AVLP_L
656,703,7,1,EPA_L;LAL_L
656,707,1,1,GOR_R
284,489,1,1,AMMC_R
284,395,4,1,AMMC_R
284,673,1,1,AMMC_R
284,696,4,1,AMMC_R;AVLP_R
285,448,1,1,SAD
286,400,1,1,AMMC_L
286,424,3,1,AMMC_L;SAD
286,425,8,1,AMMC_L
286,427,2,1,AMMC_L
286,429,1,1,AMMC_L
286,431,1,1,SAD
286,432,2,1,AMMC_L
286,442,7,1,AMMC_L
286,229,2,1,AMMC_L
286,485,2,1,AMMC_L
286,456,1,1,AMMC_L
286,459,1,1,AMMC_L
286,486,2,1,AMMC_L
286,470,1,1,SAD
657,490,2,-1,AVLP_L
657,513,2,-1,AVLP_L
657,519,1,-1,AVLP_L
657,550,2,-1,AVLP_L
657,25,1,-1,AVLP_L
657,570,1,-1,AVLP_L
657,575,2,-1,AVLP_L
657,582,2,-1,AVLP_L
657,583,11,-1,AMMC_L;AVLP_L;WED_L
657,620,1,-1,AVLP_L
657,621,1,-1,AVLP_L
657,65,1,-1,AMMC_L
657,664,4,-1,AVLP_L
657,666,2,-1,AVLP_L
657,677,1,-1,AVLP_L
657,679,2,-1,AVLP_L;WED_L
657,398,25,-1,AMMC_L;AVLP_L;WED_L
657,690,3,-1,AVLP_L
657,700,26,-1,AMMC_L;AVLP_L;WED_L
658,393,3,-1,AVLP_L
658,659,1,-1,ICL_L
658,680,1,-1,AVLP_L
287,456,1,1,AMMC_L
659,523,1,-1,ICL_L
659,554,1,-1,WED_L
659,579,1,-1,AVLP_L
659,658,2,-1,ICL_L
660,494,1,0,ICL_R
660,500,2,0,AVLP_R
660,511,1,0,AVLP_R
660,514,1,0,AVLP_R
660,529,1,0,AVLP_R
660,530,2,0,AVLP_R;PVLP_R
660,546,5,0,AVLP_R;GOR_R;ICL_R
660,440,1,0,WED_R
660,446,1,0,WED_R
660,612,1,0,PVLP_R
660,618,2,0,WED_R
660,639,13,0,AVLP_R;PVLP_R
660,643,1,0,AVLP_R
660,646,6,0,AVLP_R;ICL_R
660,649,1,0,AVLP_R
660,464,1,0,AVLP_R
660,671,1,0,AVLP_R
660,724,1,0,AVLP_R
290,677,1,1,AMMC_R
290,700,1,1,AMMC_R
291,322,1,-1,AL_L
293,402,5,1,AMMC_R
293,404,5,1,AMMC_R;SAD
293,406,1,1,AMMC_R
293,410,13,1,AMMC_R
293,418,1,1,SAD
293,420,1,1,SAD
293,423,2,1,AMMC_R;SAD
293,577,6,1,AMMC_R;SAD
293,583,2,1,AMMC_R;SAD
293,446,6,1,AMMC_R;SAD
293,278,1,1,AMMC_R
293,673,2,1,AMMC_R;SAD
293,324,2,1,SAD
293,474,8,1,AMMC_R;SAD
661,402,1,-1,WED_L
661,404,4,-1,WED_L
661,129,1,-1,AMMC_L
661,417,3,-1,AMMC_L
661,419,1,-1,AMMC_L
661,424,7,-1,AMMC_L
661,166,5,-1,AMMC_L
661,427,1,-1,AMMC_L
661,428,1,-1,WED_L
661,429,12,-1,AMMC_L;WED_L
661,435,18,-1,AMMC_L;WED_L
661,202,6,-1,AMMC_L
661,575,2,-1,WED_L
661,576,3,-1,WED_L
661,439,9,-1,AMMC_L;WED_L
661,588,1,-1,AVLP_L
661,225,1,-1,AMMC_L
661,444,1,-1,WED_L
661,596,5,-1,AVLP_L;WED_L
661,446,3,-1,WED_L
661,448,8,-1,AMMC_L;WED_L
661,251,1,-1,AMMC_L
661,260,1,-1,AMMC_L
661,633,1,-1,AMMC_L
661,456,2,-1,AMMC_L
661,264,2,-1,SAD
661,648,17,-1,AMMC_L;AVLP_L;WED_L
661,656,1,-1,WED_L
661,665,4,-1,AVLP_L;WED_L
661,298,1,-1,AMMC_L
661,302,1,-1,AMMC_L
661,675,26,-1,AMMC_L;AVLP_L;WED_L
661,677,1,-1,WED_L
661,318,1,-1,AMMC_L
661,687,1,-1,AMMC_L
661,688,19,-1,AMMC_L;AVLP_L;WED_L
661,690,1,-1,AVLP_L
661,331,2,-1,AMMC_L
661,693,1,-1,AVLP_L
661,334,2,-1,AMMC_L
661,471,3,-1,AMMC_L;WED_L
661,700,3,-1,AMMC_L;AVLP_L;WED_L
661,472,1,-1,AMMC_L
661,706,1,-1,WED_L
661,712,8,-1,WED_L
661,476,1,-1,WED_L
661,381,1,-1,AMMC_L
661,385,1,-1,AMMC_L
661,730,1,-1,WED_L
72,422,1,0,SAD
463,404,1,1,SAD
463,411,1,1,WED_R
463,517,4,1,AMMC_L;SAD;WED_L
463,415,1,1,AVLP_R
463,419,1,1,GNG
463,425,2,1,AMMC_L;SAD
463,543,1,1,WED_R
463,548,14,1,AVLP_R;SAD;WED_R
463,430,2,1,SAD
463,434,1,1,WED_R
463,442,1,1,SAD
463,444,1,1,WED_L
463,602,12,1,AMMC_L;WED_L
463,606,1,1,WED_L
463,618,1,1,WED_R
463,634,11,1,SAD;WED_L
463,459,1,1,SAD
463,460,2,1,PVLP_R
463,648,1,1,WED_L
463,654,9,1,WED_L
463,470,4,1,AVLP_L;SAD;WED_L
463,473,1,1,SAD
463,730,2,1,WED_L
662,498,1,1,ICL_R
662,501,2,1,ICL_L;ICL_R
662,528,1,1,GOR_L
662,656,4,1,ICL_L;ICL_R
662,660,1,1,ICL_R
662,682,1,1,ICL_R
662,704,4,1,AVLP_L;ICL_L
663,524,1,-1,WED_R
663,718,3,-1,WED_R
664,502,1,-1,AVLP_L
664,513,2,-1,SCL_R;SIP_L
664,563,1,-1,SIP_L
664,620,1,-1,AVLP_L
664,631,1,-1,SIP_L
664,643,4,-1,SIP_R
664,656,1,-1,ICL_L
664,662,1,-1,ICL_L
664,682,1,-1,SCL_R
664,724,1,-1,SCL_L
665,403,10,-1,AMMC_L
665,495,1,-1,SAD
665,404,1,-1,WED_L
665,105,3,-1,AMMC_L
665,407,1,-1,AMMC_L
665,126,1,-1,AMMC_L
665,413,3,-1,AMMC_L;SAD
665,393,3,-1,AMMC_L;AVLP_L;WED_L
665,417,23,-1,AMMC_L;AVLP_L;SAD;WED_L
665,419,21,-1,AMMC_L;AVLP_L;SAD;WED_L
665,154,4,-1,AMMC_L;SAD
665,394,3,-1,AMMC_L;WED_L
665,433,3,-1,AVLP_L;WED_L
665,191,10,-1,AMMC_L
665,435,3,-1,SAD;WED_L
665,436,1,-1,AMMC_L
665,437,1,-1,AMMC_L
665,438,8,-1,AVLP_L;WED_L
665,576,4,-1,AVLP_L;WED_L
665,583,2,-1,AVLP_L
665,237,2,-1,AMMC_L;SAD
665,600,1,-1,AVLP_L
665,244,2,-1,AMMC_L
665,448,10,-1,AMMC_L;AVLP_L;WED_L
665,450,7,-1,AMMC_L
665,256,1,-1,AMMC_L
665,259,2,-1,AMMC_L
665,63,8,-1,AMMC_L
665,458,11,-1,AMMC_L;SAD
665,648,2,-1,AVLP_L
665,461,4,-1,WED_L
665,285,1,-1,SAD
665,661,3,-1,WED_L
665,73,1,-1,AMMC_L
665,463,1,-1,AMMC_L
665,306,1,-1,AMMC_L
665,677,12,-1,AMMC_L;AVLP_L;WED_L
665,398,13,-1,AMMC_L;AVLP_L;SAD;WED_L
665,688,1,-1,WED_L
665,690,2,-1,AVLP_L
665,700,27,-1,AVLP_L;SAD;WED_L
665,472,28,-1,AMMC_L;AVLP_L;SAD;WED_L
665,706,1,-1,AMMC_L
665,86,4,-1,AMMC_L
665,353,1,-1,AMMC_L
665,399,13,-1,AMMC_L;WED_L
665,87,4,-1,AMMC_L;SAD
665,712,1,-1,WED_L
665,476,2,-1,WED_L
665,378,3,-1,AMMC_L
665,730,1,-1,WED_L
298,482,1,0,AMMC_L
298,436,1,0,AMMC_L
298,583,1,0,AMMC_L
298,675,1,0,SAD
464,488,2,1,WED_R
464,489,2,1,GNG
464,495,6,1,AMMC_L;SAD;WED_L
464,415,3,1,AVLP_R;WED_R
464,393,3,1,AMMC_L;SAD
464,539,14,1,AVLP_R;WED_R
464,540,1,1,WED_R
464,394,2,1,AMMC_L
464,543,2,1,WED_R
464,427,2,1,SAD;WED_L
464,428,3,1,GNG;SAD
464,435,1,1,WED_L
464,571,13,1,AVLP_R;WED_R
464,580,11,1,AMMC_L;SAD
464,588,1,1,WED_L
464,596,1,1,WED_L
464,602,1,1,SAD
464,604,10,1,AVLP_R;WED_R
464,606,1,1,SAD
464,617,1,1,WED_R
464,454,1,1,WED_R
464,622,2,1,WED_R
464,634,1,1,SAD
464,456,1,1,SAD
464,637,4,1,AVLP_R;WED_R
464,459,2,1,WED_L
464,644,1,1,GNG
464,660,1,1,WED_R
464,687,1,1,GNG
464,688,4,1,AMMC_L;WED_L
464,712,6,1,SAD;WED_L
464,713,6,1,GNG
464,478,2,1,SAD;WED_L
464,729,70,1,AVLP_R;WED_R
666,490,2,1,AVLP_L
666,529,2,1,AVLP_R
666,557,1,1,SCL_L
666,570,1,1,AVLP_L
666,575,1,1,AVLP_L
666,578,1,1,AVLP_L
666,615,3,1,AVLP_L
666,628,7,1,AVLP_R
666,671,4,1,AVLP_R
666,717,2,1,AVLP_L
666,724,4,1,AVLP_L
667,491,6,-1,AVLP_R
667,492,6,-1,AVLP_R
667,500,1,-1,AVLP_R
667,508,6,-1,AVLP_R
667,542,3,-1,AVLP_R
667,557,11,-1,AVLP_R
667,572,1,-1,AVLP_R
667,598,14,-1,AVLP_R
667,611,1,-1,AVLP_R
667,619,3,-1,AVLP_R
667,637,2,-1,WED_R
667,641,4,-1,AVLP_R
667,685,3,-1,AVLP_R
667,697,1,-1,AVLP_R
667,700,1,-1,AVLP_R
667,701,1,-1,AVLP_R
667,715,8,-1,AVLP_R
667,719,1,-1,AVLP_R
667,724,2,-1,AVLP_R
668,514,1,-1,AVLP_R
668,530,6,-1,AVLP_R
668,586,3,-1,AVLP_R
668,626,1,-1,AVLP_R
668,646,1,-1,AVLP_R
668,653,1,-1,AVLP_R
668,669,1,-1,AVLP_R
668,672,1,-1,PVLP_R
668,702,1,-1,AVLP_L
668,728,1,-1,AVLP_R
669,514,1,-1,AVLP_R
669,528,1,-1,AVLP_L
669,569,1,-1,EPA_R
669,585,4,-1,AVLP_L
669,586,3,-1,AVLP_R
669,590,1,-1,AVLP_R
669,445,1,-1,AVLP_R
669,625,1,-1,AVLP_R
669,643,1,-1,AVLP_R
669,647,6,-1,AVLP_L;AVLP_R;EPA_L;PVLP_L
669,653,2,-1,PVLP_R
669,668,1,-1,PVLP_R
669,703,6,-1,AVLP_L;EPA_L;LAL_L
669,723,1,-1,AVLP_L
669,724,1,-1,AVLP_R
670,683,1,-1,IPS_R
670,718,1,-1,WED_R
671,492,1,1,AVLP_L
671,598,1,1,AVLP_R
671,628,1,1,SCL_R
671,660,2,1,AVLP_R
671,684,1,1,SCL_L
672,530,4,-1,AVLP_L;AVLP_R;PVLP_L
672,585,2,-1,AVLP_L
672,586,4,-1,AVLP_L
672,625,1,-1,AVLP_R
672,668,2,-1,AVLP_L;PVLP_L
672,702,5,-1,AVLP_L;PVLP_L
672,703,1,-1,PVLP_R
672,714,1,-1,AVLP_L
672,716,2,-1,AVLP_L
673,493,3,-1,AMMC_R
673,99,2,-1,AMMC_R
673,495,1,-1,SAD
673,103,4,-1,AMMC_R;SAD
673,111,3,-1,AMMC_R
673,5,8,-1,AMMC_R;AVLP_R;SAD
673,118,3,-1,AMMC_R
673,120,1,-1,AMMC_R
673,121,4,-1,AMMC_R
673,418,1,-1,SAD
673,420,2,-1,AMMC_R
673,151,1,-1,AMMC_R
673,156,2,-1,SAD
673,160,2,-1,AMMC_R
673,19,8,-1,AMMC_R;SAD
673,169,6,-1,AMMC_R
673,540,1,-1,SAD
673,173,1,-1,SAD
673,175,3,-1,AMMC_R
673,177,5,-1,SAD
673,179,3,-1,AMMC_R
673,548,2,-1,WED_R
673,182,7,-1,AMMC_R;SAD
673,24,1,-1,AMMC_R
673,185,1,-1,SAD
673,31,1,-1,SAD
673,205,2,-1,AMMC_R
673,208,7,-1,AMMC_R
673,210,4,-1,AMMC_R
673,40,4,-1,AVLP_R
673,217,1,-1,AMMC_R
673,222,1,-1,SAD
673,232,7,-1,AMMC_R;SAD
673,236,2,-1,SAD
673,595,1,-1,WED_R
673,238,1,-1,AMMC_R
673,239,3,-1,SAD
673,446,2,-1,SAD
673,484,7,-1,AMMC_R
673,610,1,-1,WED_R
673,254,4,-1,AMMC_R
673,54,5,-1,AMMC_R;AVLP_R
673,61,7,-1,AMMC_R;AVLP_R
673,269,1,-1,AMMC_R
673,66,8,-1,AMMC_R;SAD
673,278,8,-1,AMMC_R
673,293,4,-1,AMMC_R;SAD
673,76,5,-1,AMMC_R;SAD
673,677,1,-1,SAD
673,311,8,-1,AMMC_R;SAD
673,317,4,-1,AMMC_R;SAD
673,79,2,-1,AMMC_R
673,324,1,-1,SAD
673,467,3,-1,AMMC_R
673,700,1,-1,AVLP_R
673,342,6,-1,SAD
673,344,1,-1,AMMC_R
673,345,1,-1,AMMC_R
673,90,2,-1,AMMC_R;SAD
673,374,1,-1,SAD
673,91,1,-1,AVLP_R
673,376,1,-1,AMMC_R
673,384,5,-1,SAD
674,592,4,1,AVLP_L
674,723,2,1,AVLP_L
76,493,1,1,AVLP_R
76,495,4,1,AMMC_R;SAD
76,548,2,1,SAD
76,555,1,1,AMMC_R
76,434,1,1,SAD
76,583,1,1,SAD
76,607,2,1,AMMC_R;SAD
76,673,2,1,AMMC_R;SAD
76,83,1,1,SAD
76,700,1,1,AMMC_R
675,402,2,-1,WED_L
675,495,2,-1,AMMC_L;SAD
675,107,3,-1,AMMC_L
675,424,2,-1,AMMC_L
675,428,2,-1,SAD;WED_L
675,558,1,-1,WED_L
675,429,13,-1,AMMC_L;WED_L
675,435,15,-1,AMMC_L;SAD;WED_L
675,195,1,-1,AMMC_L
675,576,2,-1,WED_L
675,439,6,-1,AMMC_L;SAD;WED_L
675,440,1,-1,AMMC_L
675,583,4,-1,AMMC_L;SAD
675,588,2,-1,WED_L
675,592,1,-1,WED_L
675,444,5,-1,SAD;WED_L
675,596,15,-1,AMMC_L;AVLP_L;SAD;WED_L
675,446,7,-1,WED_L
675,448,2,-1,AMMC_L;SAD
675,248,2,-1,AMMC_L
675,255,1,-1,AMMC_L
675,634,2,-1,AMMC_L;WED_L
675,456,3,-1,AMMC_L;SAD
675,264,1,-1,AMMC_L
675,648,8,-1,AVLP_L;WED_L
675,279,1,-1,SAD
675,656,2,-1,AVLP_L
675,659,1,-1,WED_L
675,661,34,-1,AMMC_L;AVLP_L;WED_L
675,665,2,-1,AVLP_L;WED_L
675,298,1,-1,SAD
675,677,1,-1,WED_L
675,688,18,-1,AMMC_L;AVLP_L;SAD;WED_L
675,331,1,-1,AMMC_L
675,471,19,-1,AMMC_L;SAD;WED_L
675,339,1,-1,SAD
675,700,5,-1,AVLP_L;WED_L
675,343,2,-1,AMMC_L;SAD
675,712,14,-1,AMMC_L;SAD;WED_L
675,381,1,-1,AMMC_L
675,385,1,-1,AMMC_L
675,479,1,-1,AMMC_L
675,730,1,-1,AMMC_L
465,420,1,1,AMMC_R
465,397,1,1,AMMC_R
465,713,1,1,AMMC_R
676,393,3,1,AVLP_L;PVLP_L
676,526,1,1,IB_L
676,680,1,1,AVLP_L
676,684,1,1,PVLP_L
676,693,1,1,GOR_L
308,571,1,0,SAD
677,489,16,1,AMMC_L;AMMC_R;GNG;SAD
677,494,9,1,AVLP_L;WED_L
677,495,1,1,SAD
677,520,4,1,AVLP_R;PVLP_R
677,393,29,1,AMMC_L;AVLP_L;PVLP_L
677,525,2,1,AVLP_L
677,537,10,1,AVLP_R
677,394,10,1,AMMC_L;AVLP_L;SAD
677,547,4,1,AVLP_R
677,551,1,1,AVLP_R
677,557,1,1,AVLP_R
677,395,19,1,AMMC_R;AVLP_R;SAD
677,563,17,1,AVLP_R
677,568,3,1,AVLP_R
677,580,7,1,AMMC_R;GNG;SAD
677,583,1,1,AMMC_L
677,445,1,1,AMMC_R
677,615,3,1,AVLP_R
677,617,3,1,AVLP_R
677,633,5,1,AMMC_L;AMMC_R
677,456,1,1,AMMC_L
677,639,1,1,AVLP_R
677,648,1,1,WED_L
677,654,1,1,WED_L
677,658,1,1,AVLP_L
677,659,3,1,AMMC_L;WED_L
677,660,1,1,AVLP_R
677,665,1,1,AMMC_L
677,676,1,1,AVLP_L
677,396,16,1,AMMC_R;AVLP_R;SAD
677,397,3,1,AMMC_R;SAD
677,685,1,1,AVLP_R
677,690,1,1,WED_L
677,696,2,1,AVLP_R
677,700,4,1,AMMC_L;AVLP_R;WED_L
677,701,4,1,AVLP_R
677,711,1,1,AVLP_L
677,724,2,1,AVLP_R
77,422,1,-1,AMMC_L
678,512,1,1,AVLP_L
678,516,1,1,AVLP_L
678,519,1,1,AVLP_L
678,570,1,1,AVLP_L
678,575,1,1,AVLP_L
678,615,1,1,AVLP_R
678,616,1,1,AVLP_L
678,620,1,1,AVLP_L
678,624,2,1,AVLP_L
678,638,1,1,AVLP_R
678,666,2,1,AVLP_L;PVLP_L
678,671,5,1,AVLP_L
678,717,6,1,AVLP_L;SLP_L
678,724,7,1,AVLP_L;AVLP_R;SCL_L
396,489,1,1,AVLP_R
396,395,1,1,PVLP_L
396,221,1,1,SAD
396,457,1,1,AVLP_R
396,676,1,1,EPA_L
396,397,1,1,PVLP_L
396,700,1,1,AVLP_R
679,490,2,-1,AVLP_L
679,494,1,-1,WED_L
679,513,2,-1,AVLP_L
679,18,1,-1,WED_L
679,550,2,-1,AVLP_L
679,575,2,-1,AVLP_L
679,576,2,-1,AVLP_L
679,583,11,-1,AMMC_L;AVLP_L;WED_L
679,600,1,-1,AVLP_L
679,605,1,-1,AVLP_L
679,62,1,-1,WED_L
679,65,2,-1,AMMC_L;WED_L
679,648,1,-1,AVLP_L
679,664,2,-1,AVLP_L
679,666,7,-1,AVLP_L
679,677,6,-1,AVLP_L;WED_L
679,398,12,-1,AVLP_L;WED_L
679,690,1,-1,WED_L
679,700,26,-1,AMMC_L;AVLP_L;WED_L
679,706,1,-1,AVLP_L
679,399,4,-1,AMMC_L;AVLP_L;WED_L
311,278,1,-1,AMMC_R
78,493,1,0,AMMC_R
78,406,2,0,AMMC_R
78,410,1,0,AMMC_R
78,8,1,0,AMMC_R
78,14,1,0,AMMC_R
78,580,1,0,AMMC_R
78,583,1,0,AMMC_R
78,607,3,0,AMMC_R
78,457,1,0,AMMC_R
78,687,2,0,AMMC_R
78,713,1,0,AMMC_R
314,130,1,-1,AMMC_R
314,190,1,-1,AMMC_R
397,489,1,1,AMMC_R
397,495,1,1,SAD
397,393,5,1,EPA_L;PVLP_L
397,418,3,1,SAD
397,420,5,1,AMMC_R;SAD
397,423,1,1,AMMC_R
397,394,1,1,EPA_L
397,395,2,1,PVLP_L
397,580,4,1,AMMC_R;SAD
397,700,4,1,AVLP_R
397,713,1,1,SAD
316,425,1,1,SAD
316,442,1,1,SAD
317,408,1,1,AMMC_R
317,420,1,1,AMMC_R
317,178,1,1,AMMC_R
317,583,1,1,AMMC_R
317,445,2,1,AMMC_R
317,457,1,1,AMMC_R
317,465,1,1,AMMC_R
680,494,1,1,PLP_L
680,502,1,1,AVLP_L
680,512,1,1,AVLP_L
680,518,4,1,AVLP_L
680,559,2,1,AVLP_L;GOR_L
680,590,5,1,AVLP_R;ICL_R
680,623,1,1,AVLP_L
680,681,1,1,AVLP_L
680,686,1,1,AVLP_L
681,592,1,-1,PVLP_L
319,648,1,1,AMMC_L
319,661,1,1,AMMC_L
319,688,2,1,AMMC_L
682,498,1,1,ICL_L
682,501,6,1,GOR_L;GOR_R;ICL_R;SMP_R
682,528,3,1,FB;GOR_L;ICL_R
682,630,1,1,ICL_L
682,631,3,1,FB;ICL_L
682,649,3,1,GOR_R;ICL_R
682,695,1,1,GOR_L
682,699,2,1,ICL_L;ICL_R
682,704,1,1,GOR_L
682,705,2,1,ICL_R
79,493,3,1,AMMC_R
79,495,4,1,AMMC_R
79,548,1,1,SAD
79,700,7,1,AMMC_R;AVLP_R;SAD
320,700,1,-1,SAD
321,338,1,1,SAD
321,721,1,1,AMMC_L
683,536,1,-1,WED_R
683,445,1,-1,IPS_R
322,506,1,1,AMMC_L
322,424,2,1,AMMC_L
322,425,1,1,AMMC_L
322,427,1,1,SAD
322,184,1,1,AMMC_L
322,429,4,1,AMMC_L
322,442,2,1,AMMC_L
322,485,1,1,SAD
322,456,1,1,AMMC_L
322,352,1,1,AMMC_L
322,479,1,1,AMMC_L
323,510,2,0,AMMC_R;SAD
324,402,1,-1,AMMC_R
324,411,1,-1,AMMC_R
324,469,1,-1,AMMC_R
325,495,15,1,SAD
325,506,6,1,AMMC_L;SAD
325,157,1,1,SAD
325,425,10,1,AMMC_L;SAD
325,427,2,1,AMMC_L
325,428,2,1,SAD
325,431,6,1,AMMC_L;SAD
325,432,2,1,SAD
325,442,15,1,AMMC_L;SAD
325,485,5,1,AMMC_L;SAD
325,456,12,1,AMMC_L;SAD
325,459,7,1,AMMC_L;SAD
325,460,6,1,AMMC_L;SAD
325,486,5,1,AMMC_L;SAD
325,463,22,1,AMMC_L;SAD
325,470,9,1,AMMC_L;SAD
325,471,1,1,SAD
684,521,1,1,PVLP_L
684,529,1,1,AVLP_R
684,553,1,1,AVLP_R
684,557,2,1,AVLP_R
684,570,2,1,AVLP_R
684,615,3,1,AVLP_L;AVLP_R
684,685,1,1,AVLP_R
398,494,8,1,AMMC_L;AVLP_L
398,495,3,1,AMMC_L;SAD
398,405,1,1,AMMC_L
398,16,1,1,SAD
398,550,1,1,AVLP_L
398,435,1,1,SAD
398,436,1,1,WED_L
398,574,1,1,SAD
398,576,1,1,AVLP_L
398,580,11,1,GNG;SAD
398,582,70,1,AMMC_L;AVLP_L;WED_L
398,600,58,1,AMMC_L;AVLP_L;WED_L
398,609,1,1,GNG
398,620,1,1,AVLP_L
398,651,13,1,AVLP_L
398,657,83,1,AMMC_L;AVLP_L;WED_L
398,665,1,1,AMMC_L
398,676,1,1,AMMC_L
398,677,39,1,AMMC_L;AVLP_L;GNG;SAD;WED_L
398,679,43,1,AMMC_L;AVLP_L;WED_L
398,689,1,1,SAD
398,690,1,1,SAD
398,693,1,1,AMMC_L
398,700,9,1,AVLP_L;WED_L
398,706,2,1,AMMC_L;WED_L
398,399,2,1,AMMC_L;GNG
80,495,1,-1,SAD
685,491,1,-1,AVLP_R
685,492,3,-1,AVLP_R
685,508,2,-1,AVLP_R
685,557,9,-1,AVLP_R
685,566,2,-1,AVLP_R
685,598,1,-1,AVLP_R
685,615,2,-1,AVLP_R
685,619,1,-1,AVLP_R
685,638,1,-1,AVLP_R
685,667,3,-1,AVLP_R
685,691,1,-1,AVLP_R
685,715,3,-1,AVLP_R
685,726,1,-1,AVLP_R
327,400,1,1,AMMC_L
327,97,1,1,SAD
327,506,7,1,SAD
327,162,1,1,SAD
327,425,2,1,AMMC_L
327,427,2,1,AMMC_L;SAD
327,430,1,1,AMMC_L
327,431,2,1,AMMC_L
327,442,5,1,AMMC_L
327,444,1,1,SAD
327,485,11,1,AMMC_L;SAD
327,456,1,1,AMMC_L
327,459,6,1,AMMC_L;SAD
327,460,4,1,AMMC_L
327,486,1,1,SAD
327,463,17,1,AMMC_L;SAD
327,470,21,1,AMMC_L;SAD
327,471,1,1,AMMC_L
466,487,1,1,WED_R
466,403,1,1,WED_L
466,508,18,1,AVLP_R;WED_R
466,542,1,1,WED_R
466,564,1,1,AVLP_R
466,568,2,1,AVLP_R
466,576,5,1,AVLP_L;WED_L
466,583,1,1,WED_R
466,600,2,1,WED_L
466,449,1,1,AVLP_R
466,458,1,1,WED_L
466,677,11,1,AVLP_R;WED_L;WED_R
466,690,24,1,AVLP_L;WED_L
466,696,6,1,AVLP_R;WED_R
466,700,52,1,AVLP_L;AVLP_R;WED_L;WED_R
466,706,4,1,WED_L
686,535,1,-1,AVLP_L
81,11,1,1,AVLP_R
81,19,1,1,AMMC_R
81,583,4,1,AMMC_R;AVLP_R
81,677,2,1,AVLP_R;SAD
81,687,1,1,AMMC_R
81,700,2,1,AMMC_R;AVLP_R
81,399,2,1,AMMC_R
81,93,1,1,AMMC_R
467,489,4,1,SAD
467,495,5,1,SAD
467,414,2,1,SAD;WED_R
467,415,1,1,SAD
467,418,1,1,WED_L
467,423,1,1,SPS_L
467,539,3,1,WED_R
467,548,1,1,SAD
467,428,2,1,WED_L
467,395,2,1,SAD
467,432,1,1,WED_L
467,571,2,1,SAD
467,580,4,1,SAD
467,588,7,1,WED_L
467,604,3,1,WED_R
467,633,1,1,AMMC_R
467,637,6,1,SAD
467,459,1,1,WED_L
467,659,1,1,WED_L
467,396,2,1,SAD
467,397,7,1,AMMC_R;SAD
467,687,2,1,SAD
467,712,12,1,WED_L
467,713,7,1,GNG;SAD
467,729,3,1,AVLP_R;WED_R
687,493,21,-1,AMMC_L;AMMC_R;SAD;UNASGD
687,495,13,-1,AMMC_L;AMMC_R;SAD;UNASGD
687,406,1,-1,SAD
687,393,5,-1,AMMC_L;SAD
687,417,1,-1,AMMC_L
687,420,5,-1,AMMC_R;GNG
687,422,2,-1,AMMC_L
687,395,3,-1,SAD
687,432,1,-1,AMMC_L
687,435,2,-1,SAD
687,573,1,-1,AMMC_L
687,583,1,-1,AMMC_L
687,42,1,-1,AMMC_L
687,602,5,-1,AMMC_L;GNG
687,452,2,-1,AMMC_L;GNG
687,633,4,-1,AMMC_L;SAD
687,634,3,-1,AMMC_L
687,456,1,-1,GNG
687,654,1,-1,AMMC_L
687,661,3,-1,AMMC_L
687,464,1,-1,GNG
687,677,1,-1,GNG
687,397,1,-1,AMMC_R
687,690,1,-1,SAD
687,693,4,-1,AMMC_L
687,706,1,-1,AMMC_L
687,474,3,-1,AMMC_R
687,713,11,-1,AMMC_L;AMMC_R;GNG;SAD
687,730,2,-1,AMMC_L
688,402,1,-1,WED_L
688,495,5,-1,AMMC_L;SAD
688,101,1,-1,SAD
688,404,1,-1,WED_L
688,129,1,-1,AMMC_L
688,415,1,-1,WED_L
688,424,2,-1,AMMC_L
688,427,1,-1,AMMC_L
688,428,11,-1,AMMC_L;SAD;WED_L
688,429,14,-1,AMMC_L;SAD;WED_L
688,431,1,-1,AMMC_L
688,435,11,-1,AMMC_L;SAD;WED_L
688,576,1,-1,WED_L
688,439,17,-1,AMMC_L;GNG;SAD;WED_L
688,440,8,-1,AMMC_L;SAD;WED_L
688,583,4,-1,AMMC_L;SAD
688,588,1,-1,WED_L
688,444,13,-1,AMMC_L;SAD;WED_L
688,596,11,-1,AMMC_L;SAD;WED_L
688,446,1,-1,WED_L
688,602,1,-1,WED_L
688,448,1,-1,AMMC_L
688,255,1,-1,AMMC_L
688,634,1,-1,AMMC_L
688,456,5,-1,AMMC_L;SAD
688,264,1,-1,SAD
688,648,8,-1,AMMC_L;AVLP_L;WED_L
688,654,1,-1,WED_L
688,656,1,-1,WED_L
688,661,44,-1,AMMC_L;AVLP_L;WED_L
688,665,1,-1,WED_L
688,464,1,-1,AMMC_L
688,675,14,-1,AMMC_L;AVLP_L;SAD;WED_L
688,318,1,-1,AMMC_L
688,471,38,-1,AMMC_L;SAD;WED_L
688,700,2,-1,SAD;WED_L
688,343,2,-1,AMMC_L;SAD
688,712,22,-1,AMMC_L;AVLP_L;SAD;WED_L
688,385,2,-1,SAD
688,730,1,-1,AMMC_L
689,96,1,-1,AMMC_L
689,3,1,-1,SAD
689,4,1,-1,AMMC_L
689,6,1,-1,AMMC_L
689,123,1,-1,AMMC_L
689,124,1,-1,AMMC_L
689,125,2,-1,SAD
689,126,2,-1,AMMC_L
689,131,6,-1,AMMC_L
689,10,2,-1,AMMC_L
689,135,4,-1,AMMC_L
689,417,1,-1,AMMC_L
689,140,2,-1,AMMC_L
689,141,1,-1,SAD
689,482,3,-1,SAD
689,157,5,-1,AMMC_L
689,424,3,-1,AMMC_L;SAD
689,167,3,-1,AMMC_L
689,184,1,-1,AMMC_L
689,429,1,-1,AMMC_L
689,430,1,-1,AMMC_L
689,191,1,-1,SAD
689,435,1,-1,AMMC_L
689,195,1,-1,AMMC_L
689,34,1,-1,AMMC_L
689,437,1,-1,SAD
689,35,4,-1,AMMC_L;SAD
689,211,1,-1,AMMC_L
689,38,2,-1,AMMC_L;SAD
689,212,1,-1,AMMC_L
689,213,1,-1,AMMC_L
689,580,4,-1,SAD
689,215,1,-1,AMMC_L
689,583,4,-1,AMMC_L;SAD
689,227,1,-1,AMMC_L
689,444,1,-1,GNG
689,233,10,-1,AMMC_L;SAD
689,250,1,-1,SAD
689,260,1,-1,AMMC_L
689,262,2,-1,SAD
689,634,1,-1,AMMC_L
689,456,9,-1,AMMC_L;SAD
689,264,1,-1,SAD
689,267,1,-1,AMMC_L
689,271,2,-1,AMMC_L
689,276,1,-1,AMMC_L
689,463,1,-1,AMMC_L
689,665,1,-1,AMMC_L
689,298,2,-1,AMMC_L
689,302,5,-1,AMMC_L
689,303,4,-1,AMMC_L
689,309,3,-1,AMMC_L
689,77,1,-1,SAD
689,80,4,-1,SAD
689,330,4,-1,SAD
689,84,1,-1,SAD
689,472,1,-1,SAD
689,349,1,-1,AMMC_L
689,357,1,-1,SAD
689,359,2,-1,AMMC_L
689,369,3,-1,AMMC_L
689,381,6,-1,AMMC_L
689,382,1,-1,AMMC_L
689,387,1,-1,AMMC_L
689,388,1,-1,SAD
689,389,1,-1,AMMC_L
689,390,1,-1,AMMC_L
690,96,1,-1,AMMC_L
690,403,37,-1,AMMC_L;AVLP_L;SAD;WED_L
690,405,10,-1,AMMC_L;SAD
690,105,1,-1,AMMC_L
690,1,1,-1,WED_L
690,407,12,-1,AMMC_L;AVLP_L;SAD
690,126,1,-1,AMMC_L
690,127,2,-1,AMMC_L
690,413,1,-1,AMMC_L
690,393,1,-1,AVLP_L
690,417,5,-1,AMMC_L;AVLP_L;SAD
690,419,7,-1,AMMC_L;AVLP_L;SAD;WED_L
690,12,1,-1,AMMC_L
690,16,2,-1,AVLP_L
690,18,1,-1,SAD
690,394,1,-1,AMMC_L
690,191,7,-1,AMMC_L;SAD
690,32,1,-1,SAD
690,34,1,-1,AMMC_L
690,437,5,-1,SAD;WED_L
690,576,7,-1,AVLP_L;WED_L
690,214,4,-1,AMMC_L
690,583,5,-1,AVLP_L;SAD
690,42,1,-1,AMMC_L
690,44,1,-1,AMMC_L
690,600,1,-1,AVLP_L
690,602,1,-1,WED_L
690,244,5,-1,AMMC_L;SAD
690,245,4,-1,SAD
690,448,1,-1,WED_L
690,449,1,-1,WED_L
690,450,15,-1,AMMC_L;SAD
690,616,3,-1,AVLP_L
690,256,1,-1,SAD
690,57,1,-1,SAD
690,259,1,-1,AMMC_L
690,458,16,-1,AMMC_L;AVLP_L;SAD;WED_L
690,648,2,-1,AVLP_L
690,677,7,-1,AMMC_L;AVLP_L;WED_L
690,679,1,-1,AVLP_L
690,398,60,-1,AMMC_L;AVLP_L;SAD;WED_L
690,466,8,-1,AVLP_L;WED_L
690,82,1,-1,AVLP_L
690,700,27,-1,AVLP_L;SAD;WED_L
690,472,17,-1,AMMC_L;AVLP_L;WED_L
690,86,3,-1,AMMC_L;SAD
690,399,28,-1,AMMC_L;AVLP_L;SAD;WED_L
690,378,1,-1,SAD
82,489,1,1,WED_L
82,583,4,1,AMMC_L;AVLP_L
82,398,2,1,AMMC_L;AVLP_L
82,687,2,1,AMMC_L;AVLP_L
82,700,3,1,AVLP_L
82,399,3,1,AMMC_L
329,495,2,1,SAD
329,510,12,1,AMMC_R;SAD
329,415,7,1,AMMC_R;SAD
329,151,1,1,AMMC_R
329,583,1,1,AMMC_R
329,275,2,1,SAD
329,469,5,1,AMMC_R;SAD
691,515,1,1,AVLP_L
691,516,1,1,SLP_L
691,519,1,1,AVLP_L
691,549,1,1,AVLP_L
691,578,5,1,AVLP_L
691,612,2,1,AVLP_R
691,638,1,1,AVLP_R
691,645,1,1,AVLP_R
691,650,1,1,AVLP_R
692,529,1,1,SCL_R
692,553,2,1,AVLP_R
692,557,1,1,AVLP_R
692,641,1,1,AVLP_R
692,660,2,1,AVLP_R
692,724,2,1,AVLP_R
692,726,1,1,AVLP_R
330,583,1,1,AMMC_L
83,487,3,1,AVLP_R
83,493,3,1,AMMC_R
83,564,4,1,AMMC_R;AVLP_R
83,566,4,1,AMMC_R;AVLP_R
83,583,3,1,SAD
83,607,11,1,AMMC_R;GNG;SAD
83,696,2,1,AMMC_R
83,700,11,1,AMMC_R;AVLP_R;SAD
331,427,2,0,AMMC_L;SAD
331,456,2,0,AMMC_L;SAD
693,494,1,1,AVLP_L
693,518,1,1,AVLP_L
693,393,9,1,AMMC_L;AVLP_L;PVLP_L
693,592,1,1,PVLP_L
693,676,2,1,AVLP_L
693,398,1,1,AMMC_L
694,494,2,1,AVLP_L;PVLP_L
694,501,2,1,ICL_L
694,544,2,1,ICL_L
694,589,2,1,AVLP_L
694,592,7,1,ICL_L;PLP_L
694,594,2,1,AVLP_L;ICL_L
694,716,1,1,AVLP_L
695,494,1,1,AVLP_L
695,498,1,1,FB
695,501,2,1,AVLP_L;ICL_L
695,528,3,1,FB;GOR_L
695,569,1,1,ICL_R
695,630,4,1,FB;SCL_R
695,656,2,1,ICL_L
695,662,1,1,AVLP_L
695,699,2,1,GOR_L;ICL_L
695,704,2,1,ICL_L
695,705,5,1,FB;ICL_L;ICL_R
696,404,1,-1,AVLP_R
696,507,3,-1,AVLP_R
696,508,2,-1,AVLP_R
696,520,1,-1,AVLP_R
696,542,3,-1,AVLP_R
696,433,1,-1,AVLP_R
696,563,5,-1,AVLP_R
696,571,1,-1,AVLP_R
696,583,19,-1,AMMC_R;AVLP_R;SAD
696,619,1,-1,AVLP_R
696,647,1,-1,AVLP_R
696,284,1,-1,AVLP_R
696,677,4,-1,AVLP_R
696,685,2,-1,AVLP_R
696,700,15,-1,AVLP_R;WED_R
696,701,4,-1,AVLP_R
696,399,15,-1,AVLP_R
696,715,3,-1,AVLP_R
696,720,1,-1,AVLP_R
468,503,8,1,SAD
468,517,15,1,IPS_L;SAD;WED_L
468,425,14,1,PVLP_L;SAD;WED_L
468,531,1,1,SAD
468,561,1,1,SAD
468,434,1,1,SPS_L
468,576,10,1,SAD;WED_L
468,577,1,1,AMMC_R
468,442,6,1,SAD;WED_L
468,588,1,1,WED_L
468,444,2,1,SAD
468,602,24,1,SAD;WED_L
468,606,21,1,IPS_L;PVLP_L;SAD;WED_L
468,634,25,1,SAD;WED_L
468,640,7,1,SAD;WED_L
468,654,17,1,PVLP_L;SAD;WED_L
468,689,2,1,SAD
468,470,2,1,SAD
468,721,2,1,SAD
468,479,3,1,SAD
468,730,3,1,PVLP_L;SAD
469,401,1,1,PVLP_L
469,548,9,1,AVLP_R;SAD;WED_R
469,24,1,1,AMMC_R
469,431,5,1,AVLP_R;WED_L
469,576,1,1,AVLP_L
469,580,1,1,AMMC_R
469,442,1,1,WED_L
469,445,1,1,SAD
469,484,1,1,SAD
469,665,1,1,AVLP_L
469,688,1,1,AVLP_L
469,693,4,1,AVLP_L;WED_L
470,400,1,1,SAD
470,495,15,1,SAD;WED_L;WED_R
470,411,1,1,PVLP_L
470,427,1,1,PVLP_R
470,548,5,1,AVLP_R;WED_R
470,432,2,1,AVLP_R;WED_R
470,576,1,1,WED_L
470,596,1,1,SAD
470,602,20,1,SAD;WED_L
470,606,2,1,SAD;WED_L
470,634,7,1,SAD;WED_L
470,459,1,1,SAD
470,640,1,1,SAD
470,648,1,1,AMMC_L
470,654,5,1,PVLP_L;SAD;WED_L
470,463,1,1,WED_L
470,665,1,1,SAD
470,464,1,1,SAD
470,693,1,1,AMMC_L
697,515,1,1,AVLP_R
697,519,2,1,SCL_L
697,557,1,1,AVLP_R
697,567,1,1,AVLP_R
697,645,1,1,AVLP_R
697,691,2,1,AVLP_R
698,592,7,1,GOR_L;ICL_L;PLP_L;PVLP_L;SCL_L
698,594,1,1,AVLP_L
698,635,2,1,AVLP_L
698,676,1,1,GOR_L
698,694,2,1,PVLP_L
333,442,1,0,AMMC_L
335,149,1,1,AMMC_L
471,488,4,1,WED_R
471,503,5,1,WED_L
471,517,2,1,SAD
471,539,123,1,AVLP_R;WED_R
471,540,76,1,AVLP_R;WED_R
471,428,1,1,WED_L
471,558,3,1,SAD;WED_L
471,435,1,1,SAD
471,571,30,1,AVLP_R;WED_R
471,576,15,1,AMMC_L;WED_L
471,440,1,1,SAD
471,588,37,1,SAD;WED_L
471,592,9,1,WED_L
471,444,1,1,WED_L
471,596,158,1,AMMC_L;SAD;WED_L
471,602,22,1,AMMC_L;GNG;SAD;WED_L
471,604,16,1,AVLP_R;WED_R
471,618,27,1,WED_R
471,622,3,1,AVLP_R
471,634,2,1,AMMC_L;SAD
471,456,1,1,SAD
471,637,31,1,AVLP_R;WED_R
471,654,1,1,WED_L
471,659,3,1,WED_L
471,660,2,1,AVLP_R;WED_R
471,661,4,1,WED_L
471,675,80,1,AMMC_L;SAD;WED_L
471,688,169,1,AMMC_L;GNG;SAD;WED_L
471,712,102,1,AMMC_L;SAD;WED_L
471,729,24,1,AVLP_R;WED_R
336,472,1,1,AMMC_L
699,498,1,1,ICL_R
699,501,3,1,ICL_L
699,630,1,1,FB
699,656,1,1,ICL_L
699,660,1,1,PVLP_R
699,662,2,1,GOR_L
699,682,1,1,ICL_L
699,695,1,1,ICL_R
699,705,1,1,GOR_R
340,402,1,1,AMMC_R
340,404,1,1,AMMC_R
340,118,1,1,AMMC_R
340,409,3,1,AMMC_R
340,410,1,1,AMMC_R
340,169,1,1,AMMC_R
340,446,6,1,AMMC_R
340,474,8,1,AMMC_R
700,487,2,-1,AMMC_R;AVLP_R
700,402,2,-1,AVLP_R;WED_R
700,403,4,-1,SAD;WED_L
700,495,3,-1,AMMC_R;SAD
700,404,2,-1,AVLP_R;SAD
700,405,2,-1,AVLP_L;AVLP_R
700,407,1,-1,AVLP_L
700,122,2,-1,SAD
700,507,7,-1,AMMC_R;AVLP_R
700,508,24,-1,AMMC_R;AVLP_R;SAD;WED_R
700,518,2,-1,AVLP_L
700,393,1,-1,AMMC_L
700,417,8,-1,AVLP_L;SAD;WED_L
700,419,7,-1,AMMC_L;AVLP_L;SAD;WED_L;WED_R
700,424,1,-1,GNG
700,534,1,-1,AMMC_L
700,542,5,-1,AVLP_R
700,548,1,-1,SAD
700,555,2,-1,SAD
700,432,1,-1,SAD
700,433,6,-1,AVLP_R;WED_R
700,26,1,-1,SAD
700,435,5,-1,SAD;WED_L
700,564,2,-1,AMMC_R
700,565,22,-1,AMMC_R;AVLP_R
700,568,2,-1,AVLP_R
700,437,2,-1,AVLP_L;AVLP_R
700,438,3,-1,AVLP_R;WED_L
700,573,3,-1,AMMC_L
700,574,1,-1,SAD
700,576,5,-1,WED_L
700,439,1,-1,WED_L
700,582,2,-1,AVLP_L
700,583,4,-1,AMMC_L;SAD
700,217,1,-1,AVLP_R
700,588,1,-1,WED_L
700,596,2,-1,SAD
700,600,1,-1,AVLP_L
700,602,30,-1,AMMC_L;SAD;WED_L
700,448,2,-1,AVLP_R;WED_L
700,450,1,-1,WED_R
700,611,54,-1,AVLP_R;SAD;WED_R
700,615,3,-1,AVLP_R
700,618,1,-1,SAD
700,619,3,-1,AVLP_R
700,634,15,-1,AMMC_L;SAD;WED_L
700,458,1,-1,AVLP_L
700,648,2,-1,AVLP_L
700,461,1,-1,WED_R
700,69,2,-1,AMMC_L
700,657,2,-1,AVLP_L
700,659,1,-1,AVLP_L
700,71,1,-1,AMMC_L
700,661,1,-1,WED_L
700,665,9,-1,AMMC_L;AVLP_L;SAD;WED_L
700,673,1,-1,SAD
700,675,4,-1,AMMC_L;WED_L
700,677,51,-1,AMMC_L;AMMC_R;AVLP_L;AVLP_R;GNG;SAD;WED_L
700,678,1,-1,AVLP_L
700,396,4,-1,SAD
700,679,5,-1,AVLP_L;WED_L
700,397,2,-1,AVLP_R
700,680,3,-1,AVLP_L;WED_L
700,398,2,-1,AVLP_L
700,685,1,-1,AVLP_R
700,466,5,-1,AVLP_L;AVLP_R;WED_L
700,687,1,-1,AMMC_L
700,690,5,-1,AMMC_L;AVLP_L;SAD
700,693,1,-1,SAD
700,696,4,-1,AMMC_R;AVLP_R;WED_R
700,471,1,-1,SAD
700,472,10,-1,AVLP_L;AVLP_R;WED_L
700,706,1,-1,AMMC_L
700,712,1,-1,WED_L
700,715,10,-1,AVLP_R
700,91,1,-1,SAD
700,476,7,-1,AVLP_R;WED_L;WED_R
700,730,21,-1,AMMC_L;SAD;WED_L
341,489,1,1,AMMC_R
341,420,2,1,AMMC_R
341,217,2,1,AMMC_R
341,226,2,1,AMMC_R
341,445,5,1,AMMC_R
341,484,5,1,AMMC_R
341,633,3,1,AMMC_R
341,465,4,1,AMMC_R
341,687,1,1,AMMC_R
342,583,1,-1,SAD
343,495,3,1,AMMC_L
343,413,1,1,AMMC_L
343,424,1,1,AMMC_L
343,427,1,1,AMMC_L
343,428,2,1,SAD
343,431,8,1,AMMC_L
343,437,2,1,AMMC_L;SAD
343,440,1,1,AMMC_L
343,583,1,1,SAD
343,456,3,1,AMMC_L;SAD
343,675,1,1,AMMC_L
343,471,2,1,AMMC_L;SAD
344,402,1,0,SAD
344,467,1,0,AMMC_R
345,117,1,-1,SAD
345,136,2,-1,SAD
345,282,1,-1,SAD
345,376,1,-1,SAD
701,549,1,-1,SCL_L
701,550,4,-1,SIP_R
701,563,2,-1,SIP_L;SIP_R
701,630,1,-1,SIP_R
701,643,1,-1,BU_R
701,699,1,-1,AVLP_R
701,399,1,-1,AVLP_R
701,720,1,-1,SCL_L
702,530,2,-1,AVLP_R;PVLP_R
702,586,1,-1,PVLP_L
702,592,1,-1,PVLP_L
702,668,1,-1,PVLP_L
702,672,1,-1,PVLP_L
702,694,1,-1,AVLP_L
702,716,2,-1,AVLP_L;PVLP_L
347,417,1,1,AMMC_L
347,429,1,1,SAD
347,472,1,1,SAD
703,494,2,-1,AVLP_L
703,518,1,-1,AVLP_L
703,520,1,-1,AVLP_R
703,592,1,-1,LAL_L
703,656,1,-1,EPA_L
703,669,5,-1,LAL_L
703,728,2,-1,AVLP_R
472,489,11,1,AMMC_L;AVLP_L
472,493,1,1,AMMC_L
472,96,1,1,AMMC_L
472,403,2,1,AMMC_L;AVLP_L
472,508,23,1,AVLP_R;WED_R
472,517,2,1,AMMC_L
472,393,4,1,AMMC_L
472,419,1,1,AMMC_L
472,482,1,1,AMMC_L
472,18,1,1,AMMC_L
472,432,4,1,AMMC_L
472,433,1,1,AVLP_R
472,435,1,1,AMMC_L
472,568,1,1,AVLP_R
472,438,1,1,WED_L
472,574,1,1,AMMC_L
472,576,36,1,AVLP_L;WED_L
472,580,24,1,AMMC_L;GNG;SAD
472,582,6,1,AMMC_L;AVLP_L
472,583,1,1,AMMC_L
472,600,3,1,AMMC_L;AVLP_L
472,602,1,1,AMMC_L
472,611,1,1,AVLP_R
472,633,3,1,AMMC_L;SAD
472,634,9,1,AMMC_L;SAD
472,648,40,1,AMMC_L;AVLP_L;WED_L
472,654,6,1,AMMC_L;SAD
472,657,2,1,AVLP_L
472,659,1,1,AVLP_L
472,665,62,1,AMMC_L;AVLP_L;WED_L
472,677,36,1,AMMC_L;AVLP_L;AVLP_R;GNG;SAD;WED_L
472,679,12,1,AMMC_L;AVLP_L;WED_L
472,680,1,1,AVLP_L
472,689,7,1,AMMC_L;SAD
472,690,12,1,AMMC_L;AVLP_L;SAD;WED_L
472,696,1,1,AVLP_R
472,700,85,1,AMMC_L;AVLP_L;AVLP_R;SAD;WED_L;WED_R
472,706,4,1,AMMC_L;WED_L
472,711,1,1,WED_L
472,476,1,1,AVLP_L
472,730,12,1,AMMC_L;SAD
348,400,1,1,AMMC_L
348,403,1,1,AMMC_L
348,506,15,1,AMMC_L;SAD
348,424,8,1,AMMC_L
348,425,10,1,AMMC_L;SAD
348,429,13,1,AMMC_L;SAD
348,431,1,1,AMMC_L
348,442,4,1,AMMC_L
348,444,2,1,SAD
348,485,6,1,AMMC_L;SAD
348,456,2,1,AMMC_L
348,459,1,1,SAD
348,486,1,1,AMMC_L
348,463,2,1,AMMC_L;SAD
348,470,5,1,AMMC_L;SAD
348,471,4,1,AMMC_L;SAD
348,472,1,1,AMMC_L
704,501,1,1,SIP_L
704,528,1,1,ICL_L
704,592,2,1,ICL_L
704,630,2,1,ICL_L
704,695,4,1,AVLP_L;FB;GOR_L
704,699,1,1,ICL_L
704,725,1,1,SLP_L
705,501,1,1,ICL_L
705,630,1,1,FB
705,660,8,1,GOR_R;ICL_R
705,695,1,1,ICL_L
705,699,2,1,AVLP_R;ICL_R
85,489,2,1,AMMC_R
85,580,3,1,AMMC_R
85,583,4,1,AMMC_R;AVLP_R
85,700,1,1,AMMC_R
85,399,3,1,AMMC_R
85,713,1,1,AMMC_R
706,493,1,-1,AMMC_L
706,403,24,-1,AL_L;AMMC_L;AVLP_L;SAD;WED_L
706,405,33,-1,AMMC_L;AVLP_L;SAD;WED_L
706,105,1,-1,AL_L
706,407,11,-1,AMMC_L;AVLP_L;WED_L
706,412,4,-1,WED_L
706,127,2,-1,AMMC_L
706,413,2,-1,AVLP_L;SAD
706,417,2,-1,AMMC_L
706,419,7,-1,AMMC_L;SAD;WED_L
706,154,7,-1,SAD
706,433,3,-1,WED_L
706,191,6,-1,AMMC_L
706,29,1,-1,AMMC_L
706,436,3,-1,AL_L;WED_L
706,34,4,-1,AMMC_L
706,437,28,-1,AL_L;AMMC_L;AVLP_L;SAD;WED_L
706,438,2,-1,AVLP_L;WED_L
706,214,1,-1,AMMC_L
706,582,1,-1,AVLP_L
706,42,3,-1,AVLP_L;WED_L
706,44,3,-1,SAD
706,237,1,-1,AMMC_L
706,46,1,-1,SAD
706,600,1,-1,WED_L
706,245,3,-1,AMMC_L;SAD
706,450,26,-1,AL_L;AMMC_L;AVLP_L;SAD
706,453,1,-1,WED_L
706,616,2,-1,AVLP_L;WED_L
706,59,1,-1,AMMC_L
706,63,2,-1,SAD
706,458,11,-1,AMMC_L;SAD;WED_L
706,64,1,-1,SAD
706,285,2,-1,SAD
706,665,4,-1,AVLP_L;WED_L
706,677,2,-1,WED_L
706,679,1,-1,AMMC_L
706,398,59,-1,AMMC_L;AVLP_L;SAD;WED_L
706,466,3,-1,WED_L
706,82,1,-1,WED_L
706,700,25,-1,AMMC_L;AVLP_L;SAD;WED_L
706,472,10,-1,AMMC_L;AVLP_L;SAD;WED_L
706,86,4,-1,SAD
706,399,22,-1,AMMC_L;AVLP_L;SAD;WED_L
706,87,3,-1,AMMC_L
86,422,2,1,AMMC_L
86,394,1,1,AMMC_L
86,583,2,1,AMMC_L
86,607,2,1,AMMC_L
86,633,1,1,AMMC_L
86,713,1,1,AMMC_L
86,721,4,1,AMMC_L
86,479,2,1,AMMC_L;SAD
86,730,1,1,AMMC_L
349,527,1,1,AMMC_L
707,498,1,1,PVLP_L
707,533,2,1,ICL_R
707,569,3,1,BU_R;ICL_R;SIP_R
707,653,1,1,BU_R
707,656,1,1,EPA_L
707,703,4,1,AVLP_L;EPA_L
353,159,1,1,AMMC_L
353,424,1,1,AMMC_L
354,446,1,-1,AMMC_R
355,429,1,1,AMMC_L
399,487,68,1,AVLP_R
399,489,2,1,AMMC_L;GNG
399,494,5,1,AMMC_L;AVLP_L
399,495,1,1,AMMC_L
399,1,1,1,AMMC_L
399,507,33,1,AVLP_R
399,508,1,1,SAD
399,542,41,1,AVLP_R
399,564,94,1,AVLP_R
399,565,32,1,AVLP_R
399,566,27,1,AVLP_R
399,568,10,1,AVLP_R
399,574,1,1,AMMC_L
399,580,15,1,AMMC_L;AVLP_R;GNG;SAD
399,583,1,1,AVLP_R
399,619,30,1,AVLP_R
399,641,3,1,AVLP_R
399,657,1,1,AVLP_L
399,667,1,1,AVLP_R
399,676,2,1,AMMC_L;AVLP_L
399,677,28,1,AMMC_L;AVLP_R;GNG;SAD
399,679,4,1,AMMC_L;AVLP_L
399,398,1,1,GNG
399,690,1,1,AMMC_L
399,693,1,1,AMMC_L
399,696,47,1,AVLP_R
399,700,2,1,SAD
399,701,1,1,AVLP_R
399,706,2,1,AMMC_L
399,715,42,1,AVLP_R
87,489,1,1,AMMC_L
87,580,1,1,AMMC_L
87,583,1,1,AMMC_L
87,633,6,1,AMMC_L
87,648,1,1,AMMC_L
87,721,10,1,AMMC_L
87,479,1,1,SAD
87,730,10,1,AMMC_L
356,179,1,1,AMMC_R
357,400,1,1,AMMC_L
357,97,2,1,SAD
357,495,4,1,SAD
357,506,6,1,AMMC_L;SAD
357,427,1,1,SAD
357,431,4,1,SAD
357,432,1,1,SAD
357,442,5,1,AMMC_L;SAD
357,485,3,1,SAD
357,459,2,1,AMMC_L;SAD
357,460,3,1,AMMC_L;SAD
357,486,5,1,AMMC_L;SAD
357,463,13,1,AMMC_L;SAD
357,470,3,1,AMMC_L;SAD
358,408,5,1,AMMC_R
358,416,1,1,AMMC_R
358,420,1,1,AMMC_R
358,228,1,1,SAD
358,607,2,1,AMMC_R
359,403,1,1,AMMC_L
359,432,1,1,AMMC_L
360,436,1,-1,AMMC_L
360,583,1,-1,AMMC_L
473,503,4,1,SAD
473,506,2,1,SAD
473,510,1,1,WED_L
473,517,11,1,SAD;WED_L
473,423,1,1,SAD
473,425,8,1,SAD
473,543,1,1,PVLP_R
473,179,1,1,AMMC_R
473,558,4,1,AVLP_L;WED_L
473,395,2,1,AMMC_R
473,571,1,1,PVLP_R
473,573,1,1,SAD
473,576,3,1,SAD
473,577,1,1,SAD
473,442,20,1,PVLP_L;SAD
473,588,2,1,PVLP_L;WED_L
473,602,27,1,AVLP_L;SAD;WED_L
473,606,6,1,PVLP_L;SAD
473,610,1,1,SAD
473,622,1,1,PVLP_R
473,634,24,1,PVLP_L;SAD;WED_L
473,654,41,1,PVLP_L;SAD;WED_L
473,470,3,1,PVLP_L;SAD
473,721,12,1,SAD;WED_L
473,730,6,1,PVLP_L;SAD;WED_L
710,502,2,1,AVLP_L
710,593,1,1,AVLP_L
710,620,1,1,AVLP_L
710,684,1,1,PVLP_L
710,719,1,1,SLP_L
474,409,3,1,PVLP_L;SAD
474,416,1,1,SPS_L
474,393,23,1,AMMC_L;PVLP_L;SAD;WED_L
474,421,1,1,PVLP_R
474,394,24,1,AMMC_L;PVLP_L;SAD
474,395,1,1,SAD
474,602,14,1,AMMC_L;SAD;WED_L
474,607,3,1,AMMC_R
474,633,3,1,AMMC_L
474,634,6,1,AMMC_L;AVLP_L;SAD;WED_L
474,654,3,1,SAD;WED_L
474,463,4,1,AVLP_L;PVLP_L
474,470,10,1,SAD;WED_L
474,721,9,1,SAD;WED_L
474,730,2,1,AMMC_L;PVLP_L
88,410,5,0,AMMC_R
88,583,2,0,AMMC_R
88,607,6,0,AMMC_R
88,457,1,0,AMMC_R
88,66,1,0,AMMC_R
88,687,1,0,AMMC_R
88,474,3,0,AMMC_R
361,452,1,0,AMMC_L
711,393,1,-1,AVLP_L
711,523,1,-1,ICL_L
711,558,3,-1,AVLP_L;GOR_L;WED_L
711,658,3,-1,ICL_L
711,659,1,-1,ICL_L
363,432,1,1,AMMC_L
363,303,1,1,SAD
712,495,12,-1,AMMC_L;SAD
712,101,1,-1,SAD
712,415,1,-1,WED_L
712,428,19,-1,AMMC_L;SAD;WED_L
712,429,1,-1,SAD
712,430,2,-1,AMMC_L
712,431,5,-1,AMMC_L;SAD
712,435,1,-1,SAD
712,439,3,-1,AMMC_L;SAD
712,440,15,-1,AMMC_L;SAD;WED_L
712,583,2,-1,SAD
712,588,5,-1,AVLP_L;WED_L
712,224,2,-1,AMMC_L
712,592,2,-1,WED_L
712,444,13,-1,AMMC_L;SAD;WED_L
712,596,10,-1,AMMC_L;SAD;WED_L
712,446,1,-1,WED_L
712,452,1,-1,SAD
712,634,2,-1,AMMC_L;WED_L
712,456,2,-1,AMMC_L;SAD
712,459,3,-1,SAD;WED_L
712,648,1,-1,WED_L
712,654,1,-1,AMMC_L
712,661,46,-1,AVLP_L;SAD;WED_L
712,464,3,-1,AMMC_L;SAD
712,675,34,-1,AMMC_L;WED_L
712,688,20,-1,AMMC_L;AVLP_L;SAD;WED_L
712,331,1,-1,AMMC_L
712,471,24,-1,AMMC_L;SAD;WED_L
712,700,2,-1,WED_L
712,343,4,-1,AMMC_L
712,385,2,-1,AMMC_L
475,401,2,1,WED_R
475,554,1,1,WED_L
475,588,1,1,WED_L
475,447,1,1,WED_L
475,606,5,1,WED_L
475,622,3,1,WED_R
475,478,1,1,SAD
89,493,1,0,AMMC_R
89,410,1,0,AMMC_R
89,713,1,0,AMMC_R
364,431,1,1,SAD
364,440,1,1,SAD
713,489,2,-1,AMMC_L
713,495,13,-1,AMMC_L;AMMC_R;SAD
713,410,1,-1,AMMC_R
713,16,1,-1,AMMC_L
713,394,1,-1,AMMC_L
713,548,1,-1,AMMC_R
713,395,3,-1,AMMC_R;SAD
713,435,1,-1,AMMC_L
713,439,1,-1,AMMC_L
713,580,1,-1,AMMC_L
713,224,1,-1,AMMC_L
713,225,1,-1,AMMC_L
713,610,1,-1,SAD
713,633,2,-1,GNG;SAD
713,456,1,-1,SAD
713,397,1,-1,SAD
713,687,2,-1,AMMC_L;GNG
713,331,3,-1,AMMC_L
713,693,1,-1,AMMC_L
713,474,1,-1,SAD
366,495,1,1,AMMC_L
366,407,2,1,AMMC_L
366,450,1,1,AMMC_L
366,464,1,1,AMMC_L
366,379,1,1,AMMC_L
369,413,1,0,AMMC_L
369,427,1,0,AMMC_L
714,526,1,1,SCL_L
714,544,1,1,PVLP_L
714,559,2,1,ICL_L
714,589,3,1,GOR_L;ICL_L;SCL_L
714,592,2,1,AVLP_L;ICL_L
714,594,2,1,GOR_L;ICL_L
714,635,2,1,ICL_L
714,694,1,1,AVLP_L
714,716,3,1,GOR_L;ICL_L
90,493,1,1,SAD
90,700,1,1,AMMC_R
370,100,1,1,AMMC_R
370,146,1,1,AMMC_R
370,420,8,1,AMMC_R;SAD
370,217,1,1,SAD
370,484,4,1,AMMC_R
370,633,3,1,AMMC_R
370,457,3,1,AMMC_R;SAD
370,465,2,1,AMMC_R
370,469,1,1,AMMC_R
370,713,3,1,AMMC_R
371,489,5,1,SAD
371,495,9,1,AMMC_R;SAD
371,409,5,1,SAD
371,414,11,1,SAD
371,418,10,1,SAD
371,423,2,1,SAD
371,583,1,1,SAD
371,236,1,1,SAD
371,446,1,1,SAD
371,457,1,1,SAD
371,467,7,1,SAD
371,342,4,1,SAD
371,372,1,1,SAD
372,489,3,1,SAD
372,402,2,1,SAD
372,495,6,1,SAD
372,404,1,1,SAD
372,414,4,1,SAD
372,418,6,1,SAD
372,423,2,1,SAD
372,540,1,1,SAD
372,583,4,1,SAD
372,230,1,1,SAD
372,446,4,1,AMMC_R;SAD
372,467,4,1,SAD
373,495,1,1,AMMC_R
373,420,3,1,AMMC_R
373,484,2,1,AMMC_R
373,469,1,1,AMMC_R
373,473,1,1,AMMC_R
374,489,1,1,SAD
374,402,3,1,AMMC_R;SAD
374,495,4,1,AMMC_R;SAD
374,414,1,1,SAD
374,418,4,1,SAD
374,177,1,1,SAD
374,395,1,1,SAD
374,583,2,1,SAD
374,446,3,1,SAD
374,467,3,1,AMMC_R;SAD
374,474,2,1,SAD
715,487,14,1,AVLP_R
715,492,6,1,AVLP_R
715,500,3,1,AVLP_R
715,507,1,1,AVLP_R
715,515,5,1,AVLP_R
715,542,2,1,AVLP_R
715,562,1,1,AVLP_R
715,563,1,1,AVLP_R
715,564,22,1,AVLP_R
715,566,42,1,AVLP_R
715,567,2,1,AVLP_R
715,568,1,1,AVLP_R
715,583,2,1,AVLP_R
715,598,2,1,AVLP_R
715,615,2,1,AVLP_R
715,616,2,1,AVLP_R
715,619,1,1,AVLP_R
715,641,24,1,AVLP_R
715,645,16,1,AVLP_R
715,650,2,1,AVLP_R
715,667,17,1,AVLP_R
715,685,20,1,AVLP_R
715,691,3,1,AVLP_R
715,696,2,1,AVLP_R
715,697,6,1,AVLP_R
715,726,4,1,AVLP_R
375,506,4,1,AMMC_L;SAD
375,150,1,1,AMMC_L
375,425,1,1,SAD
375,180,1,1,AMMC_L
375,250,1,1,SAD
375,485,3,1,AMMC_L;SAD
375,456,1,1,SAD
375,459,2,1,AMMC_L
375,460,7,1,AMMC_L;SAD
375,486,12,1,AMMC_L;SAD
375,463,12,1,AMMC_L;SAD
375,327,1,1,SAD
375,470,8,1,AMMC_L;SAD
375,357,1,1,AMMC_L
716,544,1,1,PVLP_L
716,559,1,1,ICL_L
716,589,5,1,AVLP_L;ICL_L;SCL_L
716,592,2,1,GOR_L;ICL_L
716,594,1,1,ICL_L
716,635,3,1,ICL_L;SLP_L
716,694,1,1,AVLP_L
716,714,1,1,SCL_L
91,489,6,1,AMMC_R
91,555,1,1,AVLP_R
91,566,1,1,AMMC_R
91,580,2,1,AMMC_R
91,583,13,1,AMMC_R
91,687,2,1,AMMC_R
91,700,14,1,AMMC_R;AVLP_R
91,399,5,1,AMMC_R;AVLP_R;SAD
376,117,2,1,SAD
376,136,1,1,SAD
376,326,3,1,SAD
377,464,1,0,AMMC_L
377,675,1,0,SAD
92,721,1,1,SAD
717,490,1,1,AVLP_L
717,575,1,1,AVLP_L
717,615,1,1,AVLP_L
717,616,1,1,AVLP_L
717,684,5,1,AVLP_L
476,508,2,1,AVLP_R;WED_R
476,417,2,1,WED_L
476,419,2,1,AVLP_L;WED_R
476,482,1,1,SAD
476,539,2,1,AVLP_R;WED_R
476,568,2,1,AVLP_R;WED_R
476,571,1,1,AVLP_R
476,576,19,1,AVLP_L;WED_L
476,445,3,1,SAD
476,611,41,1,AVLP_R;WED_R
476,648,43,1,AVLP_L;WED_L
476,665,28,1,AVLP_L;WED_L
476,675,3,1,AVLP_L;WED_L
476,677,17,1,AVLP_L;AVLP_R;WED_L;WED_R
476,396,1,1,AVLP_R
476,696,2,1,AVLP_R
476,700,43,1,AVLP_R;WED_L;WED_R
476,730,5,1,WED_L
379,405,1,1,AMMC_L
379,517,1,1,AMMC_L
379,422,4,1,AMMC_L
379,430,5,1,AMMC_L;SAD
379,444,1,1,AMMC_L
379,607,1,1,AMMC_L
379,452,1,1,AMMC_L
379,464,1,1,SAD
379,478,1,1,AMMC_L
718,663,2,-1,WED_R
718,670,1,-1,WED_R
718,683,1,-1,WED_R
719,519,2,1,AVLP_L
719,521,1,1,AVLP_R
719,667,4,1,AVLP_R
719,685,1,1,AVLP_R
719,710,1,1,SLP_L
380,408,1,1,AMMC_R
380,411,1,1,AMMC_R
380,420,2,1,AMMC_R
380,421,2,1,AMMC_R;SAD
380,483,1,1,AMMC_R
380,242,1,1,AMMC_R
381,493,2,1,AMMC_L
381,405,2,1,AMMC_L
381,407,2,1,AMMC_L
381,417,6,1,AMMC_L
381,419,4,1,AMMC_L;SAD
381,394,1,1,AMMC_L
381,431,2,1,AMMC_L
381,435,4,1,AMMC_L
381,195,1,1,AMMC_L
381,439,1,1,AMMC_L
381,448,10,1,AMMC_L;SAD
381,450,1,1,AMMC_L
381,452,3,1,AMMC_L
381,458,1,1,AMMC_L
381,274,2,1,AMMC_L;SAD
381,277,1,1,AMMC_L
381,479,10,1,AMMC_L
93,507,2,1,AVLP_R
93,580,3,1,AMMC_R
93,583,4,1,AMMC_R
93,700,1,1,AVLP_R
93,399,2,1,AMMC_R
384,489,1,0,AMMC_R
384,420,2,0,AMMC_R;SAD
384,583,2,0,SAD
385,405,2,0,AMMC_L
385,407,1,0,AL_L
385,419,3,0,AMMC_L
385,444,2,0,AMMC_L
385,448,1,0,AL_L
385,450,1,0,AL_L
385,452,1,0,AMMC_L
385,478,1,0,SAD
477,543,4,1,WED_R
477,548,1,1,WED_R
477,588,1,1,WED_L
477,595,3,1,WED_R
477,604,4,1,WED_R
477,606,1,1,WED_L
477,610,1,1,WED_R
477,617,1,1,WED_R
477,460,1,1,GNG
477,652,2,1,WED_R
477,462,1,1,WED_R
477,475,2,1,SAD;WED_R
720,528,1,-1,SCL_L
720,550,1,-1,SIP_L
720,563,5,-1,AVLP_R;FB;SIP_R
720,630,2,-1,SIP_R
720,643,1,-1,SIP_R
720,649,3,-1,AVLP_R;SIP_R
720,664,4,-1,SIP_L;SIP_R
720,682,4,-1,SCL_R;SIP_R
720,695,2,-1,SCL_L
720,705,4,-1,SIP_R
721,100,1,-1,AMMC_R
721,495,1,-1,AMMC_R
721,122,2,-1,AMMC_R
721,132,1,-1,SAD
721,146,3,-1,AMMC_R;SAD
721,420,5,-1,AMMC_R;SAD
721,155,1,-1,AMMC_R
721,14,1,-1,AMMC_R
721,201,1,-1,AMMC_R
721,205,2,-1,AMMC_R
721,217,1,-1,AMMC_R
721,231,2,-1,AMMC_R
721,607,4,-1,AMMC_R
721,53,1,-1,SAD
721,54,1,-1,SAD
721,261,2,-1,AMMC_R
721,457,7,-1,AMMC_R;SAD
721,461,1,-1,SAD
721,486,1,-1,AMMC_R
721,305,1,-1,SAD
721,310,2,-1,AMMC_R
721,677,5,-1,AMMC_R
721,311,2,-1,SAD
721,341,1,-1,AMMC_R
721,713,1,-1,AMMC_R
721,370,4,-1,AMMC_R
721,384,1,-1,SAD
387,413,1,0,AMMC_L
388,166,2,1,AMMC_L
388,456,1,1,AMMC_L
389,437,1,-1,AMMC_L
389,268,1,-1,AMMC_L
722,94,1,-1,AMMC_L
722,109,1,-1,AMMC_L
722,517,1,-1,SAD
722,139,1,-1,AMMC_L
722,424,5,-1,AMMC_L;SAD
722,184,1,-1,AMMC_L
722,429,1,-1,SAD
722,431,2,-1,AMMC_L
722,435,1,-1,AMMC_L
722,193,3,-1,AMMC_L;SAD
722,444,1,-1,WED_L
722,602,2,-1,WED_L
722,613,1,-1,SAD
722,262,2,-1,AMMC_L
722,634,2,-1,SAD;WED_L
722,263,2,-1,AMMC_L;SAD
722,459,1,-1,SAD
722,460,2,-1,AMMC_L
722,291,1,-1,AMMC_L
722,677,1,-1,AMMC_L
722,322,1,-1,AMMC_L
722,335,1,-1,AMMC_L
722,471,2,-1,AMMC_L;SAD
722,336,2,-1,AMMC_L
722,348,1,-1,SAD
722,365,1,-1,AMMC_L
722,479,1,-1,SAD
722,480,1,-1,SAD
722,730,1,-1,WED_L
723,494,1,1,PVLP_L
723,592,1,1,AVLP_L
723,674,1,1,AVLP_L
723,676,1,1,PVLP_L
391,345,1,0,AMMC_R
391,474,1,0,AMMC_R
724,557,1,1,AVLP_R
724,612,1,1,AVLP_R
724,628,1,1,AVLP_R
724,638,1,1,SLP_R
724,666,1,1,AVLP_L
724,692,2,1,AVLP_R;SLP_R
724,717,4,1,AVLP_L
478,495,12,1,AMMC_L;SAD
478,509,6,1,WED_R
478,393,3,1,SAD
478,527,3,1,SAD;WED_R
478,538,20,1,WED_R
478,394,2,1,SAD
478,545,12,1,WED_R
478,435,1,1,WED_L
478,580,7,1,AMMC_L;SAD
478,595,1,1,WED_R
478,601,13,1,SAD;WED_R
478,610,2,1,WED_R
478,452,1,1,WED_L
478,454,2,1,WED_R
478,633,6,1,AMMC_L;SAD
392,420,1,0,AMMC_R
479,400,2,1,SAD
479,488,1,1,PVLP_R
479,509,1,1,WED_R
479,517,2,1,AMMC_L;SAD
479,416,7,1,PVLP_R;SAD;SPS_R;WED_R
479,138,1,1,AMMC_L
479,422,1,1,SPS_R
479,425,11,1,AMMC_L;SAD;WED_R
479,394,1,1,AMMC_L
479,543,14,1,SAD;WED_R
479,548,34,1,WED_R
479,432,1,1,SAD
479,571,16,1,PVLP_R;SAD;WED_R
479,577,1,1,WED_R
479,442,17,1,AMMC_L;PVLP_R;SAD;WED_R
479,595,25,1,SAD;WED_R
479,601,1,1,WED_R
479,606,1,1,SAD
479,610,31,1,PVLP_R;SAD;SPS_R;WED_R
479,617,2,1,WED_R
479,634,1,1,AMMC_L
479,637,18,1,AVLP_R;PVLP_R;SAD;WED_R
479,648,1,1,AMMC_L
479,652,14,1,WED_R
479,654,5,1,AMMC_L;SAD
479,673,4,1,AMMC_R;WED_R
479,675,2,1,AMMC_L
479,689,1,1,SAD
479,468,2,1,SAD
479,473,1,1,PVLP_R
479,721,3,1,AMMC_L;SAD
479,722,2,1,AMMC_L
725,578,1,1,AVLP_L
725,605,1,1,AVLP_L
725,614,2,1,AVLP_L
725,624,4,1,AVLP_L
725,666,1,1,AVLP_L
725,684,1,1,AVLP_L
725,693,1,1,PVLP_L
726,492,2,1,AVLP_R
726,519,1,1,AVLP_L
726,598,4,1,AVLP_R
726,638,1,1,AVLP_R
726,650,3,1,AVLP_R
726,674,1,1,AVLP_L
726,682,2,1,SIP_R
726,691,2,1,AVLP_R;ICL_L
726,719,1,1,AVLP_R
727,499,1,-1,AVLP_L
727,512,1,-1,AVLP_L
727,518,1,-1,AVLP_L
727,523,1,-1,LH_L
728,514,2,-1,AVLP_R;EPA_R
728,530,1,-1,AVLP_R
728,586,2,-1,AVLP_R
728,643,1,-1,AVLP_R
728,647,1,-1,AVLP_L
728,668,4,-1,AVLP_R;PVLP_R
728,669,1,-1,AVLP_R
729,402,7,-1,AMMC_R;SAD;WED_R
729,495,13,-1,AMMC_R;SAD
729,404,1,-1,SAD
729,414,2,-1,SAD
729,415,40,-1,AMMC_R;AVLP_R;SAD;WED_R
729,147,4,-1,SAD
729,148,4,-1,SAD
729,539,8,-1,AVLP_R;SAD;WED_R
729,540,25,-1,AVLP_R;SAD;WED_R
729,182,2,-1,AMMC_R;SAD
729,428,1,-1,AVLP_R
729,431,2,-1,WED_R
729,571,2,-1,WED_R
729,583,1,-1,SAD
729,232,1,-1,AMMC_R
729,236,1,-1,SAD
729,446,13,-1,SAD;WED_R
729,604,4,-1,SAD;WED_R
729,618,19,-1,AVLP_R;SAD;WED_R
729,622,3,-1,WED_R
729,464,2,-1,WED_R
729,308,2,-1,SAD
729,467,4,-1,AMMC_R;WED_R
729,471,3,-1,AVLP_R;WED_R
729,342,1,-1,SAD
729,344,3,-1,SAD
729,354,1,-1,AMMC_R
729,371,1,-1,AMMC_R
729,372,2,-1,SAD
480,400,3,1,AVLP_R;IPS_R;SAD
480,543,1,1,IPS_R
480,443,2,1,WED_L
480,588,1,1,WED_L
480,595,1,1,IPS_R
480,606,3,1,WED_L
480,451,1,1,IPS_R
480,622,1,1,AVLP_R
480,627,2,1,IPS_R
480,690,2,1,SAD
480,470,1,1,AMMC_L
730,489,17,-1,AMMC_L;SAD
730,493,5,-1,AMMC_L
730,495,3,-1,AMMC_L
730,409,1,-1,PVLP_L
730,393,18,-1,AMMC_L;PVLP_L;WED_L
730,417,1,-1,SAD
730,163,4,-1,AMMC_L
730,164,2,-1,AMMC_L
730,394,24,-1,AMMC_L;SAD
730,431,1,-1,AMMC_L
730,435,5,-1,AMMC_L;WED_L
730,194,4,-1,AMMC_L
730,207,1,-1,AMMC_L
730,576,2,-1,AMMC_L;WED_L
730,580,32,-1,AMMC_L;SAD
730,583,30,-1,AMMC_L;AVLP_L;SAD;WED_L
730,219,1,-1,AMMC_L
730,602,1,-1,AMMC_L
730,448,4,-1,AMMC_L
730,260,1,-1,AMMC_L
730,633,3,-1,AMMC_L
730,634,3,-1,AMMC_L;WED_L
730,456,1,-1,WED_L
730,648,3,-1,WED_L
730,279,2,-1,AMMC_L
730,461,1,-1,WED_L
730,661,1,-1,WED_L
730,665,1,-1,WED_L
730,464,2,-1,AMMC_L
730,677,9,-1,AMMC_L;SAD;WED_L
730,687,4,-1,AMMC_L
730,688,1,-1,WED_L
730,690,1,-1,AMMC_L
730,700,7,-1,AMMC_L;WED_L
730,712,1,-1,WED_L
730,713,2,-1,AMMC_L
730,366,4,-1,AMMC_L
730,379,3,-1,AMMC_L
730,381,1,-1,AMMC_L
730,721,1,-1,SAD
