index,root_id,population,cell_type,flywire_cell_type,hemibrain_type,nt_prediction,nt_confidence,modeled_polarity,side,x_nm,y_nm,z_nm,identity_evidence
0,720575940606612937,JO-A,JO-A,JO-A,,acetylcholine,0.3712588227675664,1,left,402224,278816,79000,Schlegel v2.1.0 cell_type
1,720575940607059122,JO-A,JO-A,JO-A,,acetylcholine,0.40628267587570643,1,left,423308,259740,40840,Schlegel v2.1.0 cell_type
2,720575940607208114,JO-A,JO-A,JO-A,,acetylcholine,0.5852406618155176,1,right,644100,295872,67000,Schlegel v2.1.0 cell_type
3,720575940607367125,JO-A,JO-A,JO-A,,acetylcholine,0.8614998812097623,1,left,426868,262652,34600,Schlegel v2.1.0 cell_type
4,720575940608457483,JO-A,JO-A,JO-A,,octopamine,0.4174258462079059,0,left,419436,258680,36360,Schlegel v2.1.0 cell_type
5,720575940608487772,JO-A,JO-A,JO-A,,acetylcholine,0.8661396567187788,1,right,640688,316160,88920,Schlegel v2.1.0 cell_type
6,720575940608554052,JO-A,JO-A,JO-A,,acetylcholine,0.4592511986309085,1,left,409248,266288,71080,Schlegel v2.1.0 cell_type
7,720575940608975371,JO-A,JO-A,JO-A,,serotonin,0.5334085670524297,0,right,630268,304476,56520,Schlegel v2.1.0 cell_type
8,720575940609691075,JO-A,JO-A,JO-A,,acetylcholine,0.732319362926683,1,right,630908,292348,51960,Schlegel v2.1.0 cell_type
9,720575940610236740,JO-A,JO-A,JO-A,,acetylcholine,0.5518501060516817,1,right,627428,288956,48720,Schlegel v2.1.0 cell_type
10,720575940611177586,JO-A,JO-A,JO-A,,glutamate,0.4479032947461559,-1,left,434664,273384,35600,Schlegel v2.1.0 cell_type
11,720575940613304883,JO-A,JO-A,JO-A,,acetylcholine,0.755752005129956,1,right,636444,295488,46960,Schlegel v2.1.0 cell_type
12,720575940613682911,JO-A,JO-A,JO-A,,glutamate,0.4465334005620315,-1,left,415984,262928,66360,Schlegel v2.1.0 cell_type
13,720575940614014614,JO-A,JO-A,JO-A,,serotonin,0.5864734065759656,0,right,631884,309028,69240,Schlegel v2.1.0 cell_type
14,720575940614280554,JO-A,JO-A,JO-A,,serotonin,0.4379268633845603,0,right,633552,297960,80440,Schlegel v2.1.0 cell_type
15,720575940614332899,JO-A,JO-A,JO-A,,acetylcholine,0.776272040508465,1,right,637372,289176,75680,Schlegel v2.1.0 cell_type
16,720575940614544582,JO-A,JO-A,JO-A,,acetylcholine,0.39846447001762453,1,left,415120,263988,74680,Schlegel v2.1.0 cell_type
17,720575940614866242,JO-A,JO-A,JO-A,,acetylcholine,0.6469094103605803,1,right,644976,300608,68160,Schlegel v2.1.0 cell_type
18,720575940614927989,JO-A,JO-A,JO-A,,acetylcholine,0.5230343397578707,1,left,404604,276536,102960,Schlegel v2.1.0 cell_type
19,720575940615041064,JO-A,JO-A,JO-A,,acetylcholine,0.7372400213343195,1,right,642128,299052,56400,Schlegel v2.1.0 cell_type
20,720575940615241010,JO-A,JO-A,JO-A,,acetylcholine,0.4282286951523246,1,right,628836,302928,63960,Schlegel v2.1.0 cell_type
21,720575940615676334,JO-A,JO-A,JO-A,,serotonin,0.6773302930174905,0,right,630412,299848,51840,Schlegel v2.1.0 cell_type
22,720575940615750318,JO-A,JO-A,JO-A,,serotonin,0.5275037344833028,0,right,635436,299496,61160,Schlegel v2.1.0 cell_type
23,720575940617534110,JO-A,JO-A,JO-A,,acetylcholine,0.39165533150438175,1,left,407176,268172,65440,Schlegel v2.1.0 cell_type
24,720575940617668537,JO-A,JO-A,JO-A,,serotonin,0.44393620729758804,0,right,628128,317904,87360,Schlegel v2.1.0 cell_type
25,720575940618056753,JO-A,JO-A,JO-A,,acetylcholine,0.7901202330637703,1,left,430320,281052,63680,Schlegel v2.1.0 cell_type
26,720575940618770625,JO-A,JO-A,JO-A,,acetylcholine,0.39072427863711395,1,left,421648,260144,37640,Schlegel v2.1.0 cell_type
27,720575940618851963,JO-A,JO-A,JO-A,,acetylcholine,0.6949223701632199,1,right,632112,319840,87120,Schlegel v2.1.0 cell_type
28,720575940619465131,JO-A,JO-A,JO-A,,serotonin,0.5262423692600077,0,right,630272,301224,49400,Schlegel v2.1.0 cell_type
29,720575940619508033,JO-A,JO-A,JO-A,,serotonin,0.3336662224732683,0,left,416336,266416,70040,Schlegel v2.1.0 cell_type
30,720575940619694512,JO-A,JO-A,JO-A,,acetylcholine,0.3687584327083825,1,left,428824,275492,40320,Schlegel v2.1.0 cell_type
31,720575940619878485,JO-A,JO-A,JO-A,,acetylcholine,0.3314435933911293,1,right,635760,321504,116240,Schlegel v2.1.0 cell_type
32,720575940620322753,JO-A,JO-A,JO-A,,acetylcholine,0.5927625567220074,1,left,406448,273416,87320,Schlegel v2.1.0 cell_type
33,720575940620537435,JO-A,JO-A,JO-A,,glutamate,0.32073839840326873,-1,right,632368,288280,58280,Schlegel v2.1.0 cell_type
34,720575940620649641,JO-A,JO-A,JO-A,,acetylcholine,0.36650851528729067,1,left,419364,261048,42160,Schlegel v2.1.0 cell_type
35,720575940620745825,JO-A,JO-A,JO-A,,acetylcholine,0.4820990088926576,1,left,406784,283360,73800,Schlegel v2.1.0 cell_type
36,720575940621110454,JO-A,JO-A,JO-A,,glutamate,0.44048387816077783,-1,left,419504,267504,57000,Schlegel v2.1.0 cell_type
37,720575940621340429,JO-A,JO-A,JO-A,,serotonin,0.6976026421729123,0,left,430408,268256,35680,Schlegel v2.1.0 cell_type
38,720575940621464344,JO-A,JO-A,JO-A,,acetylcholine,0.5518958469264731,1,left,419092,262848,68560,Schlegel v2.1.0 cell_type
39,720575940621791664,JO-A,JO-A,JO-A,,acetylcholine,0.6446825064941898,1,right,641100,295168,78240,Schlegel v2.1.0 cell_type
40,720575940621870576,JO-A,JO-A,JO-A,,acetylcholine,0.5179969515529593,1,right,627244,291400,45120,Schlegel v2.1.0 cell_type
41,720575940622295585,JO-A,JO-A,JO-A,,acetylcholine,0.4274665589396703,1,right,643356,298340,69640,Schlegel v2.1.0 cell_type
42,720575940622591049,JO-A,JO-A,JO-A,,acetylcholine,0.5243424197190538,1,left,402648,272724,94240,Schlegel v2.1.0 cell_type
43,720575940622706653,JO-A,JO-A,JO-A,,serotonin,0.5092987979713596,0,right,628352,313248,70880,Schlegel v2.1.0 cell_type
44,720575940623189799,JO-A,JO-A,JO-A,,glutamate,0.5145484404463451,-1,left,418784,266944,48280,Schlegel v2.1.0 cell_type
45,720575940623587780,JO-A,JO-A,JO-A,,acetylcholine,0.5608850980949007,1,right,626600,286552,50640,Schlegel v2.1.0 cell_type
46,720575940623840589,JO-A,JO-A,JO-A,,glutamate,0.3414389786381879,-1,left,427420,266912,35960,Schlegel v2.1.0 cell_type
47,720575940624167093,JO-A,JO-A,JO-A,,acetylcholine,0.6077931539064938,1,right,642500,305012,67400,Schlegel v2.1.0 cell_type
48,720575940624428728,JO-A,JO-A,JO-A,,acetylcholine,0.6541693483313339,1,right,644216,297096,78960,Schlegel v2.1.0 cell_type
49,720575940624670759,JO-A,JO-A,JO-A,,serotonin,0.3517902022898898,0,left,412144,267104,56320,Schlegel v2.1.0 cell_type
50,720575940624770540,JO-A,JO-A,JO-A,,acetylcholine,0.42422154178772536,1,right,630652,290600,51840,Schlegel v2.1.0 cell_type
51,720575940624832231,JO-A,JO-A,JO-A,,acetylcholine,0.420500852268759,1,right,630112,300764,67400,Schlegel v2.1.0 cell_type
52,720575940625227672,JO-A,JO-A,JO-A,,serotonin,0.9888762831687927,0,left,407808,288044,88200,Schlegel v2.1.0 cell_type
53,720575940625917386,JO-A,JO-A,JO-A,,serotonin,0.45014791236526275,0,left,415312,266336,56680,Schlegel v2.1.0 cell_type
54,720575940626162378,JO-A,JO-A,JO-A,,acetylcholine,0.5303700976800702,1,right,633096,291592,51040,Schlegel v2.1.0 cell_type
55,720575940626164938,JO-A,JO-A,JO-A,,acetylcholine,0.4509514368110042,1,left,416912,282804,66200,Schlegel v2.1.0 cell_type
56,720575940626242191,JO-A,JO-A,JO-A,,acetylcholine,0.49098192431040694,1,left,404444,276348,70480,Schlegel v2.1.0 cell_type
57,720575940626522620,JO-A,JO-A,JO-A,,serotonin,0.5427320996550161,0,left,410856,277932,77960,Schlegel v2.1.0 cell_type
58,720575940626949513,JO-A,JO-A,JO-A,,octopamine,0.3343453384953884,0,left,427472,278288,75720,Schlegel v2.1.0 cell_type
59,720575940627046010,JO-A,JO-A,JO-A,,acetylcholine,0.33317023669830587,1,left,434432,274968,46320,Schlegel v2.1.0 cell_type
60,720575940627085199,JO-A,JO-A,JO-A,,acetylcholine,0.5065000687294452,1,right,629460,309508,71000,Schlegel v2.1.0 cell_type
61,720575940627106173,JO-A,JO-A,JO-A,,serotonin,0.47669311908812356,0,right,647916,303936,81680,Schlegel v2.1.0 cell_type
62,720575940627142666,JO-A,JO-A,JO-A,,acetylcholine,0.5953562344691851,1,left,401088,273792,91000,Schlegel v2.1.0 cell_type
63,720575940627195691,JO-A,JO-A,JO-A,,acetylcholine,0.4652336718615326,1,left,418496,263520,52560,Schlegel v2.1.0 cell_type
64,720575940627442197,JO-A,JO-A,JO-A,,glutamate,0.3818701556859541,-1,left,422192,273904,46680,Schlegel v2.1.0 cell_type
65,720575940627538947,JO-A,JO-A,JO-A,,acetylcholine,0.47226764481456485,1,left,417376,264880,70040,Schlegel v2.1.0 cell_type
66,720575940628054760,JO-A,JO-A,JO-A,,acetylcholine,0.45481959031519037,1,right,632844,313948,74800,Schlegel v2.1.0 cell_type
67,720575940628356358,JO-A,JO-A,JO-A,,acetylcholine,0.5832748860499265,1,left,424736,262752,33680,Schlegel v2.1.0 cell_type
68,720575940628769239,JO-A,JO-A,JO-A,,acetylcholine,0.37469000092938415,1,left,445692,315032,140360,Schlegel v2.1.0 cell_type
69,720575940629044071,JO-A,JO-A,JO-A,,serotonin,0.3894544466959508,0,left,409868,276168,60720,Schlegel v2.1.0 cell_type
70,720575940629237036,JO-A,JO-A,JO-A,,acetylcholine,0.564875627420636,1,right,636424,304252,61240,Schlegel v2.1.0 cell_type
71,720575940629450366,JO-A,JO-A,JO-A,,acetylcholine,0.34815159932010814,1,left,415512,263824,71480,Schlegel v2.1.0 cell_type
72,720575940630017603,JO-A,JO-A,JO-A,,serotonin,0.5944847609264543,0,left,420960,274816,47960,Schlegel v2.1.0 cell_type
73,720575940630018115,JO-A,JO-A,JO-A,,,,0,left,422464,270064,50640,Schlegel v2.1.0 cell_type
74,720575940630211127,JO-A,JO-A,JO-A,,serotonin,0.6087394590248112,0,right,625468,293928,55520,Schlegel v2.1.0 cell_type
75,720575940630534615,JO-A,JO-A,JO-A,,octopamine,0.5433313846588135,0,right,643860,310352,75360,Schlegel v2.1.0 cell_type
76,720575940630721910,JO-A,JO-A,JO-A,,acetylcholine,0.47709792090134084,1,right,635340,293480,48040,Schlegel v2.1.0 cell_type
77,720575940631156431,JO-A,JO-A,JO-A,,glutamate,0.35098017822776706,-1,left,416128,286064,72000,Schlegel v2.1.0 cell_type
78,720575940631463495,JO-A,JO-A,JO-A,,serotonin,0.44420328815727556,0,right,635352,301008,60120,Schlegel v2.1.0 cell_type
79,720575940632022888,JO-A,JO-A,JO-A,,acetylcholine,0.7263414996567459,1,right,644320,306896,66920,Schlegel v2.1.0 cell_type
80,720575940632669741,JO-A,JO-A,JO-A,,gaba,0.4657811967091154,-1,left,408760,282164,69360,Schlegel v2.1.0 cell_type
81,720575940632812867,JO-A,JO-A,JO-A,,acetylcholine,0.4628043386532272,1,right,636376,290960,57240,Schlegel v2.1.0 cell_type
82,720575940633057943,JO-A,JO-A,JO-A,,acetylcholine,0.6510566197318554,1,left,403220,273324,94400,Schlegel v2.1.0 cell_type
83,720575940634228124,JO-A,JO-A,JO-A,,acetylcholine,0.9176235497263158,1,right,639408,293484,55880,Schlegel v2.1.0 cell_type
84,720575940634414959,JO-A,JO-A,JO-A,,glutamate,0.3997240277654774,-1,left,403680,279536,71400,Schlegel v2.1.0 cell_type
85,720575940637389534,JO-A,JO-A,JO-A,,acetylcholine,0.5884267100902855,1,right,637972,292724,81800,Schlegel v2.1.0 cell_type
86,720575940637418549,JO-A,JO-A,JO-A,,acetylcholine,0.603789183868624,1,left,431368,271828,40880,Schlegel v2.1.0 cell_type
87,720575940638256949,JO-A,JO-A,JO-A,,acetylcholine,0.634699584156924,1,left,430852,271876,46960,Schlegel v2.1.0 cell_type
88,720575940639375182,JO-A,JO-A,JO-A,,serotonin,0.4270751224270047,0,right,628904,305404,57120,Schlegel v2.1.0 cell_type
89,720575940639742627,JO-A,JO-A,JO-A,,serotonin,0.6048989643407651,0,right,625196,303148,53000,Schlegel v2.1.0 cell_type
90,720575940640713680,JO-A,JO-A,JO-A,,acetylcholine,0.584552817574311,1,right,644880,304096,69000,Schlegel v2.1.0 cell_type
91,720575940642063245,JO-A,JO-A,JO-A,,acetylcholine,0.6029802987409482,1,right,641064,299596,93200,Schlegel v2.1.0 cell_type
92,720575940642163341,JO-A,JO-A,JO-A,,acetylcholine,0.38877463935615314,1,left,413360,295392,93040,Schlegel v2.1.0 cell_type
93,720575940643903904,JO-A,JO-A,JO-A,,acetylcholine,0.5396882104427756,1,right,628212,292136,43520,Schlegel v2.1.0 cell_type
94,720575940600433181,JO-B,JO-B,JO-B,,acetylcholine,0.8147835407180339,1,left,432736,281520,50120,Schlegel v2.1.0 cell_type
95,720575940604054188,JO-B,JO-B,JO-B,,acetylcholine,0.7908135928684716,1,left,432272,293852,92840,Schlegel v2.1.0 cell_type
96,720575940604274622,JO-B,JO-B,JO-B,,gaba,0.5916707726232339,-1,left,428064,267984,67280,Schlegel v2.1.0 cell_type
97,720575940604531229,JO-B,JO-B,JO-B,,acetylcholine,0.6840886446190421,1,left,430996,287320,141000,Schlegel v2.1.0 cell_type
98,720575940604805036,JO-B,JO-B,JO-B,,acetylcholine,0.7784372624754906,1,left,430688,295488,115960,Schlegel v2.1.0 cell_type
99,720575940604988332,JO-B,JO-B,JO-B,,acetylcholine,0.4879839932432096,1,right,620552,284104,62080,Schlegel v2.1.0 cell_type
100,720575940605209521,JO-B,JO-B,JO-B,,acetylcholine,0.6573758360534414,1,right,621428,286336,63600,Schlegel v2.1.0 cell_type
101,720575940605219500,JO-B,JO-B,JO-B,,gaba,0.5851468132739818,-1,left,443904,275936,89800,Schlegel v2.1.0 cell_type
102,720575940605238188,JO-B,JO-B,JO-B,,,,0,left,430852,276276,82840,Schlegel v2.1.0 cell_type
103,720575940605622118,JO-B,JO-B,JO-B,,acetylcholine,0.46165360542053874,1,right,620468,308876,100560,Schlegel v2.1.0 cell_type
104,720575940605755424,JO-B,JO-B,JO-B,,,,0,left,423360,296628,86520,Schlegel v2.1.0 cell_type
105,720575940606619081,JO-B,JO-B,JO-B,,serotonin,0.6196288970817706,0,left,424128,263488,54520,Schlegel v2.1.0 cell_type
106,720575940606850761,JO-B,JO-B,JO-B,,glutamate,0.2822273682464253,-1,right,613616,313860,85880,Schlegel v2.1.0 cell_type
107,720575940606871497,JO-B,JO-B,JO-B,,serotonin,0.30928427554423454,0,left,423648,278280,119640,Schlegel v2.1.0 cell_type
108,720575940606872777,JO-B,JO-B,JO-B,,glutamate,0.7446630597114563,-1,left,436072,273444,62480,Schlegel v2.1.0 cell_type
109,720575940606938313,JO-B,JO-B,JO-B,,glutamate,0.3692379802144984,-1,left,431736,293108,91840,Schlegel v2.1.0 cell_type
110,720575940607088514,JO-B,JO-B,JO-B,,glutamate,0.36296840198505087,-1,left,433852,299976,109160,Schlegel v2.1.0 cell_type
111,720575940607827392,JO-B,JO-B,JO-B,,acetylcholine,0.6225388799650902,1,right,618848,291712,53760,Schlegel v2.1.0 cell_type
112,720575940607881152,JO-B,JO-B,JO-B,,acetylcholine,0.6553990581205866,1,right,611608,308580,62640,Schlegel v2.1.0 cell_type
113,720575940607944384,JO-B,JO-B,JO-B,,acetylcholine,0.7884541025279757,1,right,614384,306272,67440,Schlegel v2.1.0 cell_type
114,720575940607947456,JO-B,JO-B,JO-B,,acetylcholine,0.8009785282970845,1,right,619896,303280,55120,Schlegel v2.1.0 cell_type
115,720575940607948224,JO-B,JO-B,JO-B,,acetylcholine,0.790933412344042,1,right,615564,307280,57880,Schlegel v2.1.0 cell_type
116,720575940608112137,JO-B,JO-B,JO-B,,acetylcholine,0.8801133632659912,1,left,434772,285252,53560,Schlegel v2.1.0 cell_type
117,720575940608483164,JO-B,JO-B,JO-B,,glutamate,0.5252202153205872,-1,right,608928,303444,76720,Schlegel v2.1.0 cell_type
118,720575940608524224,JO-B,JO-B,JO-B,,acetylcholine,0.6461224595373872,1,right,622584,307644,98760,Schlegel v2.1.0 cell_type
119,720575940608875703,JO-B,JO-B,JO-B,,acetylcholine,0.7819141042821036,1,right,615632,303484,55000,Schlegel v2.1.0 cell_type
120,720575940608876471,JO-B,JO-B,JO-B,,acetylcholine,0.82104674575663,1,right,621844,304160,97440,Schlegel v2.1.0 cell_type
121,720575940608893623,JO-B,JO-B,JO-B,,acetylcholine,0.777652162887742,1,right,614064,305248,65440,Schlegel v2.1.0 cell_type
122,720575940609289284,JO-B,JO-B,JO-B,,acetylcholine,0.9091028856274718,1,right,608740,299092,85360,Schlegel v2.1.0 cell_type
123,720575940609527069,JO-B,JO-B,JO-B,,acetylcholine,0.7837138686373036,1,left,431924,283224,50800,Schlegel v2.1.0 cell_type
124,720575940609816014,JO-B,JO-B,JO-B,,serotonin,0.2715029448134921,0,left,431700,268616,42960,Schlegel v2.1.0 cell_type
125,720575940609934365,JO-B,JO-B,JO-B,,acetylcholine,0.7427140778078315,1,left,432444,279692,55080,Schlegel v2.1.0 cell_type
126,720575940610028868,JO-B,JO-B,JO-B,,glutamate,0.5005818623091494,-1,left,429120,272064,57520,Schlegel v2.1.0 cell_type
127,720575940610341525,JO-B,JO-B,JO-B,,acetylcholine,0.4699781359861803,1,left,421108,271624,71320,Schlegel v2.1.0 cell_type
128,720575940610595118,JO-B,JO-B,JO-B,,,,0,left,426768,296952,101800,Schlegel v2.1.0 cell_type
129,720575940610621742,JO-B,JO-B,JO-B,,gaba,0.49011351804292463,-1,left,434724,272532,62880,Schlegel v2.1.0 cell_type
130,720575940610674581,JO-B,JO-B,JO-B,,acetylcholine,0.734843302356756,1,right,616236,306804,71920,Schlegel v2.1.0 cell_type
131,720575940610739666,JO-B,JO-B,JO-B,,acetylcholine,0.619408399266259,1,left,431616,268784,86880,Schlegel v2.1.0 cell_type
132,720575940610753656,JO-B,JO-B,JO-B,,glutamate,0.634723136959326,-1,right,616344,281224,69200,Schlegel v2.1.0 cell_type
133,720575940611000274,JO-B,JO-B,JO-B,,glutamate,0.7798335552215576,-1,right,617196,304208,93840,Schlegel v2.1.0 cell_type
134,720575940611154786,JO-B,JO-B,JO-B,,serotonin,0.734223429968949,0,right,619272,308908,71040,Schlegel v2.1.0 cell_type
135,720575940611392986,JO-B,JO-B,JO-B,,acetylcholine,0.47790633960018924,1,left,426840,263240,86240,Schlegel v2.1.0 cell_type
136,720575940612029297,JO-B,JO-B,JO-B,,serotonin,0.5364084957981626,0,right,610100,299164,69400,Schlegel v2.1.0 cell_type
137,720575940612129962,JO-B,JO-B,JO-B,,,,0,left,426968,281664,101720,Schlegel v2.1.0 cell_type
138,720575940612235439,JO-B,JO-B,JO-B,,acetylcholine,0.7661734949258165,1,left,431880,276628,46920,Schlegel v2.1.0 cell_type
139,720575940612355763,JO-B,JO-B,JO-B,,acetylcholine,0.9682309925556183,1,left,431712,290656,115240,Schlegel v2.1.0 cell_type
140,720575940612407581,JO-B,JO-B,JO-B,,acetylcholine,0.7320474037244197,1,left,431720,287448,56040,Schlegel v2.1.0 cell_type
141,720575940612409885,JO-B,JO-B,JO-B,,acetylcholine,0.7506761083778791,1,left,430368,277628,59480,Schlegel v2.1.0 cell_type
142,720575940612418483,JO-B,JO-B,JO-B,,acetylcholine,0.5340691239975466,1,left,427284,292744,81360,Schlegel v2.1.0 cell_type
143,720575940612419763,JO-B,JO-B,JO-B,,,,0,left,426868,295448,82280,Schlegel v2.1.0 cell_type
144,720575940612446744,JO-B,JO-B,JO-B,,,,0,left,437952,266224,88840,Schlegel v2.1.0 cell_type
145,720575940612585577,JO-B,JO-B,JO-B,,acetylcholine,0.6818450646667802,1,right,612392,303192,94080,Schlegel v2.1.0 cell_type
146,720575940612615833,JO-B,JO-B,JO-B,,serotonin,0.5242854175121747,0,right,618300,278616,91920,Schlegel v2.1.0 cell_type
147,720575940612647166,JO-B,JO-B,JO-B,,acetylcholine,0.6400814368344879,1,right,613836,284580,75600,Schlegel v2.1.0 cell_type
148,720575940612956378,JO-B,JO-B,JO-B,,acetylcholine,0.4695398775208741,1,right,616300,280244,98600,Schlegel v2.1.0 cell_type
149,720575940613006590,JO-B,JO-B,JO-B,,glutamate,0.625085912761888,-1,left,431604,270960,46320,Schlegel v2.1.0 cell_type
150,720575940613127314,JO-B,JO-B,JO-B,,acetylcholine,0.7658747503727712,1,left,431280,275044,47960,Schlegel v2.1.0 cell_type
151,720575940613469545,JO-B,JO-B,JO-B,,acetylcholine,0.6167398986224537,1,right,613124,306048,60200,Schlegel v2.1.0 cell_type
152,720575940613622014,JO-B,JO-B,JO-B,,acetylcholine,0.7316445698392098,1,right,606852,299388,85040,Schlegel v2.1.0 cell_type
153,720575940613696552,JO-B,JO-B,JO-B,,serotonin,0.580568790435791,0,right,620320,311872,92240,Schlegel v2.1.0 cell_type
154,720575940613776962,JO-B,JO-B,JO-B,,serotonin,0.45654897919992893,0,left,430360,271412,36920,Schlegel v2.1.0 cell_type
155,720575940613783038,JO-B,JO-B,JO-B,,acetylcholine,0.873513706506697,1,right,609884,299152,82080,Schlegel v2.1.0 cell_type
156,720575940613924271,JO-B,JO-B,JO-B,,acetylcholine,0.730266039746711,1,right,612616,302468,72360,Schlegel v2.1.0 cell_type
157,720575940613934965,JO-B,JO-B,JO-B,,acetylcholine,0.6577125147593044,1,left,435240,284420,62360,Schlegel v2.1.0 cell_type
158,720575940613956767,JO-B,JO-B,JO-B,,gaba,0.3616029918193817,-1,left,427168,270928,71400,Schlegel v2.1.0 cell_type
159,720575940614205708,JO-B,JO-B,JO-B,,glutamate,0.7036325560063541,-1,left,431264,275840,67440,Schlegel v2.1.0 cell_type
160,720575940614644898,JO-B,JO-B,JO-B,,serotonin,0.48095152631867677,0,right,623664,306704,100000,Schlegel v2.1.0 cell_type
161,720575940614795410,JO-B,JO-B,JO-B,,,,0,left,427560,289528,68960,Schlegel v2.1.0 cell_type
162,720575940614805983,JO-B,JO-B,JO-B,,acetylcholine,0.647250504480357,1,left,441080,288700,85680,Schlegel v2.1.0 cell_type
163,720575940614847906,JO-B,JO-B,JO-B,,acetylcholine,0.3097461454595156,1,left,439416,271056,93760,Schlegel v2.1.0 cell_type
164,720575940615222201,JO-B,JO-B,JO-B,,acetylcholine,0.5344552133557151,1,left,434948,281332,54840,Schlegel v2.1.0 cell_type
165,720575940615387846,JO-B,JO-B,JO-B,,gaba,0.34979163426861837,-1,left,429344,291048,132280,Schlegel v2.1.0 cell_type
166,720575940615540841,JO-B,JO-B,JO-B,,serotonin,0.4184975746411877,0,left,438092,276440,49960,Schlegel v2.1.0 cell_type
167,720575940615860061,JO-B,JO-B,JO-B,,serotonin,0.5321664518239547,0,left,435184,275608,51000,Schlegel v2.1.0 cell_type
168,720575940616042508,JO-B,JO-B,JO-B,,gaba,0.8199514150619507,-1,left,440372,282236,87240,Schlegel v2.1.0 cell_type
169,720575940616096306,JO-B,JO-B,JO-B,,,,0,right,621176,310820,74560,Schlegel v2.1.0 cell_type
170,720575940616336245,JO-B,JO-B,JO-B,,acetylcholine,0.7745136743411745,1,right,607712,285424,84240,Schlegel v2.1.0 cell_type
171,720575940616413509,JO-B,JO-B,JO-B,,acetylcholine,0.659820370080455,1,right,613628,305668,61080,Schlegel v2.1.0 cell_type
172,720575940616428884,JO-B,JO-B,JO-B,,glutamate,0.43479210580699146,-1,left,430352,265728,50400,Schlegel v2.1.0 cell_type
173,720575940616612025,JO-B,JO-B,JO-B,,acetylcholine,0.6509904753645671,1,right,610756,303712,66440,Schlegel v2.1.0 cell_type
174,720575940616653429,JO-B,JO-B,JO-B,,acetylcholine,0.5365793558016215,1,left,430832,293160,91360,Schlegel v2.1.0 cell_type
175,720575940616786315,JO-B,JO-B,JO-B,,serotonin,0.6699742860156641,0,right,619704,307772,63320,Schlegel v2.1.0 cell_type
176,720575940616793174,JO-B,JO-B,JO-B,,serotonin,0.7228165904956835,0,right,616744,307236,76680,Schlegel v2.1.0 cell_type
177,720575940616859622,JO-B,JO-B,JO-B,,acetylcholine,0.6928995319420225,1,right,614132,293756,72400,Schlegel v2.1.0 cell_type
178,720575940617066653,JO-B,JO-B,JO-B,,acetylcholine,0.6901669114054887,1,right,617904,302928,104920,Schlegel v2.1.0 cell_type
179,720575940617110306,JO-B,JO-B,JO-B,,acetylcholine,0.48090655041678915,1,right,621140,306444,106040,Schlegel v2.1.0 cell_type
180,720575940617244049,JO-B,JO-B,JO-B,,acetylcholine,0.3816547349491331,1,left,436332,288992,75520,Schlegel v2.1.0 cell_type
181,720575940617407929,JO-B,JO-B,JO-B,,gaba,0.9346511412716512,-1,left,435936,279648,64800,Schlegel v2.1.0 cell_type
182,720575940617457881,JO-B,JO-B,JO-B,,acetylcholine,0.45914567374978504,1,right,617924,283528,104680,Schlegel v2.1.0 cell_type
183,720575940617517661,JO-B,JO-B,JO-B,,acetylcholine,0.4416970908641815,1,left,431472,277052,44120,Schlegel v2.1.0 cell_type
184,720575940617541147,JO-B,JO-B,JO-B,,acetylcholine,0.6732517943385805,1,left,430260,295020,86680,Schlegel v2.1.0 cell_type
185,720575940617724390,JO-B,JO-B,JO-B,,glutamate,0.6163767576217651,-1,right,618704,284260,89760,Schlegel v2.1.0 cell_type
186,720575940617845505,JO-B,JO-B,JO-B,,gaba,0.5506214499473572,-1,right,611628,305836,74920,Schlegel v2.1.0 cell_type
187,720575940617938772,JO-B,JO-B,JO-B,,serotonin,0.5630394445609758,0,right,609704,296260,66480,Schlegel v2.1.0 cell_type
188,720575940617945246,JO-B,JO-B,JO-B,,acetylcholine,0.7724709290166987,1,right,611900,316276,90720,Schlegel v2.1.0 cell_type
189,720575940617972052,JO-B,JO-B,JO-B,,gaba,0.48698899225855713,-1,right,615664,299648,99400,Schlegel v2.1.0 cell_type
190,720575940618847281,JO-B,JO-B,JO-B,,acetylcholine,0.7043573181918861,1,right,619920,308016,70440,Schlegel v2.1.0 cell_type
191,720575940618856896,JO-B,JO-B,JO-B,,acetylcholine,0.6018331637137085,1,left,432952,275092,41640,Schlegel v2.1.0 cell_type
192,720575940618953270,JO-B,JO-B,JO-B,,glutamate,0.494569205013769,-1,right,604236,303108,70440,Schlegel v2.1.0 cell_type
193,720575940619447105,JO-B,JO-B,JO-B,,acetylcholine,0.9316941499710083,1,left,422732,270452,39720,Schlegel v2.1.0 cell_type
194,720575940619572762,JO-B,JO-B,JO-B,,acetylcholine,0.5884324897971752,1,left,442124,272220,96000,Schlegel v2.1.0 cell_type
195,720575940619940811,JO-B,JO-B,JO-B,,serotonin,0.3717993298229027,0,left,425480,291504,85120,Schlegel v2.1.0 cell_type
196,720575940619941067,JO-B,JO-B,JO-B,,,,0,left,422900,289948,70400,Schlegel v2.1.0 cell_type
197,720575940619969227,JO-B,JO-B,JO-B,,acetylcholine,0.633814967375704,1,left,429448,265992,61080,Schlegel v2.1.0 cell_type
198,720575940620031341,JO-B,JO-B,JO-B,,acetylcholine,0.7954755575681847,1,right,607060,299508,61840,Schlegel v2.1.0 cell_type
199,720575940620257216,JO-B,JO-B,JO-B,,acetylcholine,0.3473637801939494,1,left,439536,275232,85080,Schlegel v2.1.0 cell_type
200,720575940620386981,JO-B,JO-B,JO-B,,acetylcholine,0.5268412280402728,1,left,426196,295012,106600,Schlegel v2.1.0 cell_type
201,720575940620422413,JO-B,JO-B,JO-B,,acetylcholine,0.7074336530507568,1,right,614380,303984,73560,Schlegel v2.1.0 cell_type
202,720575940620422938,JO-B,JO-B,JO-B,,acetylcholine,0.7631040317466509,1,left,434160,272320,41440,Schlegel v2.1.0 cell_type
203,720575940620458735,JO-B,JO-B,JO-B,,serotonin,0.9960455655337808,0,right,621360,309744,73800,Schlegel v2.1.0 cell_type
204,720575940620516846,JO-B,JO-B,JO-B,,,,0,left,429760,271536,55920,Schlegel v2.1.0 cell_type
205,720575940620575653,JO-B,JO-B,JO-B,,acetylcholine,0.6344722374276646,1,right,628316,308432,91480,Schlegel v2.1.0 cell_type
206,720575940620587713,JO-B,JO-B,JO-B,,acetylcholine,0.6184395234033059,1,right,600884,309184,85440,Schlegel v2.1.0 cell_type
207,720575940620622785,JO-B,JO-B,JO-B,,acetylcholine,0.5716308588563882,1,left,441464,270168,84720,Schlegel v2.1.0 cell_type
208,720575940620661931,JO-B,JO-B,JO-B,,acetylcholine,0.4781940514175453,1,right,614460,306296,65920,Schlegel v2.1.0 cell_type
209,720575940620822893,JO-B,JO-B,JO-B,,,,0,right,620112,290848,96000,Schlegel v2.1.0 cell_type
210,720575940621077253,JO-B,JO-B,JO-B,,serotonin,0.562732096140293,0,right,619372,297992,59280,Schlegel v2.1.0 cell_type
211,720575940621120353,JO-B,JO-B,JO-B,,,,0,left,424188,296508,87320,Schlegel v2.1.0 cell_type
212,720575940621508336,JO-B,JO-B,JO-B,,acetylcholine,0.4148877778986715,1,left,436880,299024,133080,Schlegel v2.1.0 cell_type
213,720575940621513566,JO-B,JO-B,JO-B,,gaba,0.43604855349390054,-1,left,433936,294516,95000,Schlegel v2.1.0 cell_type
214,720575940621722111,JO-B,JO-B,JO-B,,glutamate,0.986580899614372,-1,left,425044,268964,68200,Schlegel v2.1.0 cell_type
215,720575940621823514,JO-B,JO-B,JO-B,,serotonin,0.539857516573234,0,left,435488,286704,75240,Schlegel v2.1.0 cell_type
216,720575940622026757,JO-B,JO-B,JO-B,,gaba,0.39779239892959595,-1,left,426200,295896,109120,Schlegel v2.1.0 cell_type
217,720575940622297855,JO-B,JO-B,JO-B,,acetylcholine,0.7610989749535922,1,right,630492,279036,76560,Schlegel v2.1.0 cell_type
218,720575940622342569,JO-B,JO-B,JO-B,,acetylcholine,0.49182591987712637,1,left,438184,273492,63720,Schlegel v2.1.0 cell_type
219,720575940622344216,JO-B,JO-B,JO-B,,,,0,left,429788,274452,40800,Schlegel v2.1.0 cell_type
220,720575940622552163,JO-B,JO-B,JO-B,,acetylcholine,0.7312883870305177,1,left,425292,287348,58160,Schlegel v2.1.0 cell_type
221,720575940622593476,JO-B,JO-B,JO-B,,serotonin,0.5143945331114463,0,right,620736,278432,73960,Schlegel v2.1.0 cell_type
222,720575940622857827,JO-B,JO-B,JO-B,,acetylcholine,0.5236747163358483,1,right,607664,296656,76760,Schlegel v2.1.0 cell_type
223,720575940622946963,JO-B,JO-B,JO-B,,acetylcholine,0.8078963540638777,1,right,607176,301996,67000,Schlegel v2.1.0 cell_type
224,720575940622960422,JO-B,JO-B,JO-B,,acetylcholine,0.2952268624208413,1,left,438952,272852,105120,Schlegel v2.1.0 cell_type
225,720575940622978823,JO-B,JO-B,JO-B,,acetylcholine,0.5064599096333059,1,left,437820,278692,63760,Schlegel v2.1.0 cell_type
226,720575940622998115,JO-B,JO-B,JO-B,,gaba,0.4830184225332889,-1,right,624624,288028,55320,Schlegel v2.1.0 cell_type
227,720575940623146378,JO-B,JO-B,JO-B,,acetylcholine,0.7426090819575677,1,left,424612,261216,40880,Schlegel v2.1.0 cell_type
228,720575940623290153,JO-B,JO-B,JO-B,,acetylcholine,0.42963541731537885,1,right,614036,310120,63720,Schlegel v2.1.0 cell_type
229,720575940623292925,JO-B,JO-B,JO-B,,acetylcholine,0.656049390280449,1,left,431424,295344,94160,Schlegel v2.1.0 cell_type
230,720575940623301417,JO-B,JO-B,JO-B,,serotonin,0.43186147344347675,0,right,608636,304752,71480,Schlegel v2.1.0 cell_type
231,720575940623357675,JO-B,JO-B,JO-B,,serotonin,0.5994240842132925,0,right,621644,279768,81960,Schlegel v2.1.0 cell_type
232,720575940623401128,JO-B,JO-B,JO-B,,acetylcholine,0.7361648857098154,1,right,613456,303552,62920,Schlegel v2.1.0 cell_type
233,720575940623474871,JO-B,JO-B,JO-B,,acetylcholine,0.6370157883117741,1,left,425560,294520,132080,Schlegel v2.1.0 cell_type
234,720575940623490794,JO-B,JO-B,JO-B,,,,0,right,620192,311264,109360,Schlegel v2.1.0 cell_type
235,720575940623529875,JO-B,JO-B,JO-B,,acetylcholine,0.79965717878307,1,right,625236,280816,68920,Schlegel v2.1.0 cell_type
236,720575940623562534,JO-B,JO-B,JO-B,,glutamate,0.28682783188344646,-1,right,619876,284992,108400,Schlegel v2.1.0 cell_type
237,720575940623745869,JO-B,JO-B,JO-B,,,,0,left,433308,270920,39880,Schlegel v2.1.0 cell_type
238,720575940623805159,JO-B,JO-B,JO-B,,acetylcholine,0.5434678111082341,1,right,613104,287932,74000,Schlegel v2.1.0 cell_type
239,720575940624065724,JO-B,JO-B,JO-B,,acetylcholine,0.6345553182825259,1,right,611672,301352,67000,Schlegel v2.1.0 cell_type
240,720575940624067581,JO-B,JO-B,JO-B,,,,0,right,622528,307184,76120,Schlegel v2.1.0 cell_type
241,720575940624111177,JO-B,JO-B,JO-B,,acetylcholine,0.49793500181140166,1,right,612532,307816,61720,Schlegel v2.1.0 cell_type
242,720575940624116553,JO-B,JO-B,JO-B,,serotonin,0.6313522743784692,0,right,612488,307588,72320,Schlegel v2.1.0 cell_type
243,720575940624510868,JO-B,JO-B,JO-B,,serotonin,0.7183398655000722,0,right,608904,292788,68080,Schlegel v2.1.0 cell_type
244,720575940624562618,JO-B,JO-B,JO-B,,acetylcholine,0.5169480905990664,1,left,426980,270756,46040,Schlegel v2.1.0 cell_type
245,720575940624594276,JO-B,JO-B,JO-B,,serotonin,0.5194244384765625,0,left,429380,273596,42040,Schlegel v2.1.0 cell_type
246,720575940624755180,JO-B,JO-B,JO-B,,,,0,left,430476,276376,47720,Schlegel v2.1.0 cell_type
247,720575940625023024,JO-B,JO-B,JO-B,,acetylcholine,0.6461513595190675,1,right,622016,305888,103760,Schlegel v2.1.0 cell_type
248,720575940625049945,JO-B,JO-B,JO-B,,serotonin,0.5716516899292247,0,left,434036,271608,47240,Schlegel v2.1.0 cell_type
249,720575940625565368,JO-B,JO-B,JO-B,,,,0,right,607964,295012,69840,Schlegel v2.1.0 cell_type
250,720575940625587970,JO-B,JO-B,JO-B,,acetylcholine,0.7581781182625796,1,left,432176,280300,55080,Schlegel v2.1.0 cell_type
251,720575940625624464,JO-B,JO-B,JO-B,,glutamate,0.7704460332470555,-1,left,427712,269568,52360,Schlegel v2.1.0 cell_type
252,720575940625866789,JO-B,JO-B,JO-B,,acetylcholine,0.5768002420039671,1,right,612528,305928,61720,Schlegel v2.1.0 cell_type
253,720575940625888560,JO-B,JO-B,JO-B,,,,0,left,431324,288588,66600,Schlegel v2.1.0 cell_type
254,720575940625910714,JO-B,JO-B,JO-B,,gaba,0.6036480770869689,-1,right,619584,311072,88160,Schlegel v2.1.0 cell_type
255,720575940625972624,JO-B,JO-B,JO-B,,gaba,0.5447653300119342,-1,left,436368,268880,103840,Schlegel v2.1.0 cell_type
256,720575940626257736,JO-B,JO-B,JO-B,,acetylcholine,0.4175439986586571,1,left,433556,269756,40360,Schlegel v2.1.0 cell_type
257,720575940626258532,JO-B,JO-B,JO-B,,serotonin,0.4746035158216041,0,right,611876,285216,87480,Schlegel v2.1.0 cell_type
258,720575940626286432,JO-B,JO-B,JO-B,,,,0,right,605348,290524,79080,Schlegel v2.1.0 cell_type
259,720575940626693894,JO-B,JO-B,JO-B,,glutamate,0.367222795480399,-1,left,420256,266928,76680,Schlegel v2.1.0 cell_type
260,720575940626726021,JO-B,JO-B,JO-B,,serotonin,0.723114995492231,0,left,428384,270400,58520,Schlegel v2.1.0 cell_type
261,720575940626741265,JO-B,JO-B,JO-B,,acetylcholine,0.7618958500314639,1,right,610348,294508,64520,Schlegel v2.1.0 cell_type
262,720575940626885960,JO-B,JO-B,JO-B,,acetylcholine,0.8524897774049581,1,left,428788,293548,106040,Schlegel v2.1.0 cell_type
263,720575940627249039,JO-B,JO-B,JO-B,,acetylcholine,0.542752420818302,1,left,431404,299064,112480,Schlegel v2.1.0 cell_type
264,720575940627304963,JO-B,JO-B,JO-B,,gaba,0.40809600853075195,-1,left,436876,271800,48760,Schlegel v2.1.0 cell_type
265,720575940627352595,JO-B,JO-B,JO-B,,glutamate,0.8394467234611511,-1,left,428068,266468,53440,Schlegel v2.1.0 cell_type
266,720575940627437572,JO-B,JO-B,JO-B,,,,0,left,428180,295220,81240,Schlegel v2.1.0 cell_type
267,720575940627442709,JO-B,JO-B,JO-B,,glutamate,0.44897991752614513,-1,left,428672,296496,119360,Schlegel v2.1.0 cell_type
268,720575940627453778,JO-B,JO-B,JO-B,,serotonin,0.3110769991504235,0,left,423328,262912,74800,Schlegel v2.1.0 cell_type
269,720575940627714310,JO-B,JO-B,JO-B,,serotonin,0.40471006312893254,0,right,618692,281596,88240,Schlegel v2.1.0 cell_type
270,720575940627778393,JO-B,JO-B,JO-B,,glutamate,0.27020070333063845,-1,right,608660,313012,82960,Schlegel v2.1.0 cell_type
271,720575940627839304,JO-B,JO-B,JO-B,,glutamate,0.770241379737854,-1,left,427764,286064,71800,Schlegel v2.1.0 cell_type
272,720575940627927751,JO-B,JO-B,JO-B,,acetylcholine,0.6711200608399633,1,left,432428,291108,119400,Schlegel v2.1.0 cell_type
273,720575940627985351,JO-B,JO-B,JO-B,,acetylcholine,0.9117896258181736,1,right,616752,308848,73440,Schlegel v2.1.0 cell_type
274,720575940628159081,JO-B,JO-B,JO-B,,gaba,0.492663010270086,-1,left,421864,285684,62720,Schlegel v2.1.0 cell_type
275,720575940628315232,JO-B,JO-B,JO-B,,acetylcholine,0.6450911629010859,1,right,610836,308880,62920,Schlegel v2.1.0 cell_type
276,720575940628467462,JO-B,JO-B,JO-B,,gaba,0.3774315404979936,-1,left,427588,263292,71000,Schlegel v2.1.0 cell_type
277,720575940628543473,JO-B,JO-B,JO-B,,glutamate,0.9691649079322815,-1,left,425200,296440,96640,Schlegel v2.1.0 cell_type
278,720575940628698371,JO-B,JO-B,JO-B,,serotonin,0.7558087706565857,0,right,617520,310096,73040,Schlegel v2.1.0 cell_type
279,720575940628786511,JO-B,JO-B,JO-B,,serotonin,0.37499826313935763,0,left,441280,276448,69840,Schlegel v2.1.0 cell_type
280,720575940628896299,JO-B,JO-B,JO-B,,serotonin,0.5131615110673166,0,right,618656,290184,59080,Schlegel v2.1.0 cell_type
281,720575940628910235,JO-B,JO-B,JO-B,,acetylcholine,0.5962821485383101,1,left,434008,298476,136040,Schlegel v2.1.0 cell_type
282,720575940628957443,JO-B,JO-B,JO-B,,glutamate,0.3541985686830989,-1,right,606460,295384,62160,Schlegel v2.1.0 cell_type
283,720575940629105022,JO-B,JO-B,JO-B,,,,0,left,434912,284096,52680,Schlegel v2.1.0 cell_type
284,720575940629253376,JO-B,JO-B,JO-B,,acetylcholine,0.6897104293412701,1,right,633544,284232,71520,Schlegel v2.1.0 cell_type
285,720575940629269630,JO-B,JO-B,JO-B,,acetylcholine,0.3379378914833069,1,left,420824,285340,63600,Schlegel v2.1.0 cell_type
286,720575940629275180,JO-B,JO-B,JO-B,,acetylcholine,0.6745880271979978,1,left,439572,288004,97080,Schlegel v2.1.0 cell_type
287,720575940629350394,JO-B,JO-B,JO-B,,acetylcholine,0.37038402443279805,1,left,434144,285208,62480,Schlegel v2.1.0 cell_type
288,720575940629492727,JO-B,JO-B,JO-B,,,,0,left,429308,276328,45240,Schlegel v2.1.0 cell_type
289,720575940629505274,JO-B,JO-B,JO-B,,,,0,right,605916,293608,78080,Schlegel v2.1.0 cell_type
290,720575940629766782,JO-B,JO-B,JO-B,,acetylcholine,0.7269239752098492,1,right,623368,309404,68760,Schlegel v2.1.0 cell_type
291,720575940629804414,JO-B,JO-B,JO-B,,glutamate,0.294392853975296,-1,left,431124,282604,67520,Schlegel v2.1.0 cell_type
292,720575940629806206,JO-B,JO-B,JO-B,,acetylcholine,0.6306097507476807,1,left,432392,292136,94360,Schlegel v2.1.0 cell_type
293,720575940629860089,JO-B,JO-B,JO-B,,acetylcholine,0.5599134786455648,1,right,607004,300736,68040,Schlegel v2.1.0 cell_type
294,720575940629989879,JO-B,JO-B,JO-B,,acetylcholine,0.8095680475234985,1,right,629184,300464,127000,Schlegel v2.1.0 cell_type
295,720575940630117879,JO-B,JO-B,JO-B,,,,0,left,433172,287436,74600,Schlegel v2.1.0 cell_type
296,720575940630161152,JO-B,JO-B,JO-B,,,,0,right,605728,288996,77560,Schlegel v2.1.0 cell_type
297,720575940630207799,JO-B,JO-B,JO-B,,gaba,0.6701005761585538,-1,right,616924,312176,76920,Schlegel v2.1.0 cell_type
298,720575940630269945,JO-B,JO-B,JO-B,,serotonin,0.3134092298931067,0,left,430560,264276,83360,Schlegel v2.1.0 cell_type
299,720575940630461804,JO-B,JO-B,JO-B,,,,0,left,433152,270464,50720,Schlegel v2.1.0 cell_type
300,720575940630462940,JO-B,JO-B,JO-B,,dopamine,0.48597708344459534,0,left,425572,296500,90920,Schlegel v2.1.0 cell_type
301,720575940630467804,JO-B,JO-B,JO-B,,serotonin,0.4846457242965698,0,left,428900,279236,49920,Schlegel v2.1.0 cell_type
302,720575940630630225,JO-B,JO-B,JO-B,,serotonin,0.340832560411137,0,left,436812,275728,49000,Schlegel v2.1.0 cell_type
303,720575940630660951,JO-B,JO-B,JO-B,,gaba,0.34454880129450405,-1,left,427812,286916,64520,Schlegel v2.1.0 cell_type
304,720575940630785388,JO-B,JO-B,JO-B,,,,0,right,612864,298704,96680,Schlegel v2.1.0 cell_type
305,720575940630816569,JO-B,JO-B,JO-B,,acetylcholine,0.8398134133181792,1,right,611028,303384,88040,Schlegel v2.1.0 cell_type
306,720575940630820347,JO-B,JO-B,JO-B,,,,0,left,420028,283832,62360,Schlegel v2.1.0 cell_type
307,720575940630910971,JO-B,JO-B,JO-B,,acetylcholine,0.49834614992141724,1,right,617448,300696,105120,Schlegel v2.1.0 cell_type
308,720575940630916347,JO-B,JO-B,JO-B,,serotonin,0.37592063550919835,0,right,619388,281340,98680,Schlegel v2.1.0 cell_type
309,720575940630925330,JO-B,JO-B,JO-B,,gaba,0.588227378056474,-1,left,428644,265416,47960,Schlegel v2.1.0 cell_type
310,720575940630960325,JO-B,JO-B,JO-B,,acetylcholine,0.7509104936186761,1,right,608236,295696,69560,Schlegel v2.1.0 cell_type
311,720575940631448338,JO-B,JO-B,JO-B,,glutamate,0.5979868219130569,-1,right,610728,302140,74000,Schlegel v2.1.0 cell_type
312,720575940631461451,JO-B,JO-B,JO-B,,acetylcholine,0.44894855713175835,1,left,430616,277944,84280,Schlegel v2.1.0 cell_type
313,720575940631469098,JO-B,JO-B,JO-B,,acetylcholine,0.5608906217842303,1,right,613756,309580,63720,Schlegel v2.1.0 cell_type
314,720575940631470378,JO-B,JO-B,JO-B,,gaba,0.43386329485206154,-1,right,618516,304272,92800,Schlegel v2.1.0 cell_type
315,720575940631670584,JO-B,JO-B,JO-B,,,,0,left,435088,288240,80160,Schlegel v2.1.0 cell_type
316,720575940631699816,JO-B,JO-B,JO-B,,acetylcholine,0.7282891882153658,1,left,439112,272864,58040,Schlegel v2.1.0 cell_type
317,720575940631750687,JO-B,JO-B,JO-B,,acetylcholine,0.5989297436257326,1,right,612240,306292,89400,Schlegel v2.1.0 cell_type
318,720575940631794513,JO-B,JO-B,JO-B,,,,0,left,427804,288316,107480,Schlegel v2.1.0 cell_type
319,720575940631915219,JO-B,JO-B,JO-B,,acetylcholine,0.49358705437685624,1,left,435388,268072,41320,Schlegel v2.1.0 cell_type
320,720575940632037260,JO-B,JO-B,JO-B,,glutamate,0.6093592967712738,-1,right,609088,295696,72280,Schlegel v2.1.0 cell_type
321,720575940632129567,JO-B,JO-B,JO-B,,acetylcholine,0.45596356998446963,1,left,431796,295992,110800,Schlegel v2.1.0 cell_type
322,720575940632229457,JO-B,JO-B,JO-B,,acetylcholine,0.6545255207636494,1,left,434988,272208,39840,Schlegel v2.1.0 cell_type
323,720575940632288815,JO-B,JO-B,JO-B,,serotonin,0.36768645926450305,0,right,617448,298472,99920,Schlegel v2.1.0 cell_type
324,720575940632315473,JO-B,JO-B,JO-B,,gaba,0.3077869686032186,-1,right,616924,312456,77120,Schlegel v2.1.0 cell_type
325,720575940632466784,JO-B,JO-B,JO-B,,acetylcholine,0.8285818431230866,1,left,430728,273880,44920,Schlegel v2.1.0 cell_type
326,720575940632618700,JO-B,JO-B,JO-B,,acetylcholine,0.37791117506857497,1,right,609008,302120,76120,Schlegel v2.1.0 cell_type
327,720575940632692378,JO-B,JO-B,JO-B,,acetylcholine,0.6748326932272264,1,left,432952,280672,54800,Schlegel v2.1.0 cell_type
328,720575940633301217,JO-B,JO-B,JO-B,,glutamate,0.4533787225640029,-1,right,604816,301728,63720,Schlegel v2.1.0 cell_type
329,720575940633524443,JO-B,JO-B,JO-B,,acetylcholine,0.6073482219897995,1,right,612308,305760,59680,Schlegel v2.1.0 cell_type
330,720575940634178656,JO-B,JO-B,JO-B,,acetylcholine,0.3514274562260156,1,left,432320,262688,97400,Schlegel v2.1.0 cell_type
331,720575940634229399,JO-B,JO-B,JO-B,,serotonin,0.3589403282802296,0,left,421244,275372,124240,Schlegel v2.1.0 cell_type
332,720575940634257564,JO-B,JO-B,JO-B,,glutamate,0.3563695173408534,-1,right,618420,308392,72560,Schlegel v2.1.0 cell_type
333,720575940634775706,JO-B,JO-B,JO-B,,serotonin,0.4881471189125529,0,left,433296,291880,64680,Schlegel v2.1.0 cell_type
334,720575940634781594,JO-B,JO-B,JO-B,,serotonin,0.3828350319986002,0,left,427620,268708,49440,Schlegel v2.1.0 cell_type
335,720575940634830175,JO-B,JO-B,JO-B,,acetylcholine,0.713600008351968,1,left,429992,294772,78000,Schlegel v2.1.0 cell_type
336,720575940634892389,JO-B,JO-B,JO-B,,acetylcholine,0.6979453382163227,1,left,434652,271044,40480,Schlegel v2.1.0 cell_type
337,720575940635078239,JO-B,JO-B,JO-B,,serotonin,0.9889649152755737,0,right,613840,309064,75160,Schlegel v2.1.0 cell_type
338,720575940635217144,JO-B,JO-B,JO-B,,gaba,0.502790629863739,-1,left,430148,289368,60360,Schlegel v2.1.0 cell_type
339,720575940635237727,JO-B,JO-B,JO-B,,serotonin,0.5272440314292908,0,left,438576,288440,87200,Schlegel v2.1.0 cell_type
340,720575940635278455,JO-B,JO-B,JO-B,,acetylcholine,0.6245563309671114,1,right,614016,307472,61080,Schlegel v2.1.0 cell_type
341,720575940635345271,JO-B,JO-B,JO-B,,acetylcholine,0.6129795049204535,1,right,625292,282944,70920,Schlegel v2.1.0 cell_type
342,720575940635732916,JO-B,JO-B,JO-B,,gaba,0.5121208253993567,-1,right,617012,281092,99880,Schlegel v2.1.0 cell_type
343,720575940635973989,JO-B,JO-B,JO-B,,acetylcholine,0.5842923955964948,1,left,445568,281840,106400,Schlegel v2.1.0 cell_type
344,720575940636276336,JO-B,JO-B,JO-B,,serotonin,0.458371181443358,0,right,615464,282776,102000,Schlegel v2.1.0 cell_type
345,720575940636425584,JO-B,JO-B,JO-B,,gaba,0.40112325920026665,-1,right,608508,297776,63720,Schlegel v2.1.0 cell_type
346,720575940636488667,JO-B,JO-B,JO-B,,,,0,right,610180,297476,69680,Schlegel v2.1.0 cell_type
347,720575940636537663,JO-B,JO-B,JO-B,,acetylcholine,0.3537153406880081,1,left,433640,283984,70880,Schlegel v2.1.0 cell_type
348,720575940636990005,JO-B,JO-B,JO-B,,acetylcholine,0.8191424367070229,1,left,428944,281696,57840,Schlegel v2.1.0 cell_type
349,720575940637612095,JO-B,JO-B,JO-B,,acetylcholine,0.5496778393470682,1,left,428752,292224,133800,Schlegel v2.1.0 cell_type
350,720575940637630783,JO-B,JO-B,JO-B,,glutamate,0.48282699398443,-1,left,427296,286128,57520,Schlegel v2.1.0 cell_type
351,720575940637813220,JO-B,JO-B,JO-B,,acetylcholine,0.3453757015742221,1,left,434544,283584,67120,Schlegel v2.1.0 cell_type
352,720575940637919295,JO-B,JO-B,JO-B,,glutamate,0.4732674926316657,-1,left,428496,283920,131240,Schlegel v2.1.0 cell_type
353,720575940637919551,JO-B,JO-B,JO-B,,acetylcholine,0.46953641020116355,1,left,418896,265856,71400,Schlegel v2.1.0 cell_type
354,720575940638081855,JO-B,JO-B,JO-B,,gaba,0.5318878852363144,-1,right,610176,280552,80280,Schlegel v2.1.0 cell_type
355,720575940638191679,JO-B,JO-B,JO-B,,acetylcholine,0.3865975320339203,1,left,425908,296084,83600,Schlegel v2.1.0 cell_type
356,720575940638556998,JO-B,JO-B,JO-B,,acetylcholine,0.6210536977600473,1,right,620512,312896,87320,Schlegel v2.1.0 cell_type
357,720575940638636533,JO-B,JO-B,JO-B,,acetylcholine,0.7583632777612368,1,left,432772,279568,55880,Schlegel v2.1.0 cell_type
358,720575940638811507,JO-B,JO-B,JO-B,,acetylcholine,0.6416238893553436,1,right,617504,305116,96640,Schlegel v2.1.0 cell_type
359,720575940639049560,JO-B,JO-B,JO-B,,acetylcholine,0.41310342975700176,1,left,431552,275452,82560,Schlegel v2.1.0 cell_type
360,720575940639145550,JO-B,JO-B,JO-B,,gaba,0.5029923580835263,-1,left,441120,274128,70520,Schlegel v2.1.0 cell_type
361,720575940639397747,JO-B,JO-B,JO-B,,octopamine,0.6503752829034094,0,left,434628,271096,62320,Schlegel v2.1.0 cell_type
362,720575940639405912,JO-B,JO-B,JO-B,,serotonin,0.32108581590659496,0,left,432488,290104,75120,Schlegel v2.1.0 cell_type
363,720575940639649152,JO-B,JO-B,JO-B,,acetylcholine,0.6339692077410685,1,left,433132,293444,67920,Schlegel v2.1.0 cell_type
364,720575940639745085,JO-B,JO-B,JO-B,,acetylcholine,0.565587766733756,1,left,445980,284584,103440,Schlegel v2.1.0 cell_type
365,720575940639803453,JO-B,JO-B,JO-B,,,,0,left,429632,285016,70560,Schlegel v2.1.0 cell_type
366,720575940639826304,JO-B,JO-B,JO-B,,acetylcholine,0.4221591067894193,1,left,434764,270836,58800,Schlegel v2.1.0 cell_type
367,720575940639970392,JO-B,JO-B,JO-B,,gaba,0.6174784898757935,-1,left,432816,284748,93400,Schlegel v2.1.0 cell_type
368,720575940640130432,JO-B,JO-B,JO-B,,,,0,right,613280,308260,72920,Schlegel v2.1.0 cell_type
369,720575940640169947,JO-B,JO-B,JO-B,,serotonin,0.5467451339820907,0,left,421552,262640,72560,Schlegel v2.1.0 cell_type
370,720575940640817204,JO-B,JO-B,JO-B,,acetylcholine,0.4153403254010427,1,right,620300,284620,61080,Schlegel v2.1.0 cell_type
371,720575940640820788,JO-B,JO-B,JO-B,,acetylcholine,0.6385602225831096,1,right,608900,281180,83560,Schlegel v2.1.0 cell_type
372,720575940640836660,JO-B,JO-B,JO-B,,acetylcholine,0.666006591628886,1,right,607652,282660,80000,Schlegel v2.1.0 cell_type
373,720575940640841268,JO-B,JO-B,JO-B,,acetylcholine,0.7036683424600165,1,right,618688,281568,76600,Schlegel v2.1.0 cell_type
374,720575940640843316,JO-B,JO-B,JO-B,,acetylcholine,0.6139748491107258,1,right,621952,282324,102800,Schlegel v2.1.0 cell_type
375,720575940641396078,JO-B,JO-B,JO-B,,acetylcholine,0.7558557006054287,1,left,432340,276564,47880,Schlegel v2.1.0 cell_type
376,720575940642108557,JO-B,JO-B,JO-B,,acetylcholine,0.4773777929479129,1,right,609056,298528,70040,Schlegel v2.1.0 cell_type
377,720575940642123917,JO-B,JO-B,JO-B,,serotonin,0.423879696416661,0,left,439848,277244,65040,Schlegel v2.1.0 cell_type
378,720575940642414989,JO-B,JO-B,JO-B,,glutamate,0.46116856385412414,-1,left,426780,281580,53680,Schlegel v2.1.0 cell_type
379,720575940642442893,JO-B,JO-B,JO-B,,acetylcholine,0.6761984370445814,1,left,441552,271756,76680,Schlegel v2.1.0 cell_type
380,720575940642897312,JO-B,JO-B,JO-B,,acetylcholine,0.7695048430348517,1,right,614156,309756,68240,Schlegel v2.1.0 cell_type
381,720575940643418990,JO-B,JO-B,JO-B,,acetylcholine,0.5303866713782716,1,left,427132,292788,82440,Schlegel v2.1.0 cell_type
382,720575940643791304,JO-B,JO-B,JO-B,,acetylcholine,0.458640681893638,1,left,428880,303696,107400,Schlegel v2.1.0 cell_type
383,720575940643888584,JO-B,JO-B,JO-B,,serotonin,0.5324832212582633,0,right,617232,298976,112480,Schlegel v2.1.0 cell_type
384,720575940643912608,JO-B,JO-B,JO-B,,serotonin,0.4494920039179621,0,right,616276,284676,100600,Schlegel v2.1.0 cell_type
385,720575940644057635,JO-B,JO-B,JO-B,,serotonin,0.4379691400231099,0,left,436984,270344,42200,Schlegel v2.1.0 cell_type
386,720575940644635172,JO-B,JO-B,JO-B,,acetylcholine,0.9768056869506836,1,right,604452,303644,79960,Schlegel v2.1.0 cell_type
387,720575940645085975,JO-B,JO-B,JO-B,,octopamine,0.4348515272140503,0,left,433272,272888,64040,Schlegel v2.1.0 cell_type
388,720575940645086999,JO-B,JO-B,JO-B,,acetylcholine,0.4677096762878661,1,left,434940,273896,73040,Schlegel v2.1.0 cell_type
389,720575940645087511,JO-B,JO-B,JO-B,,glutamate,0.5824958746325913,-1,left,424632,263216,82160,Schlegel v2.1.0 cell_type
390,720575940645089559,JO-B,JO-B,JO-B,,,,0,left,425664,263168,47000,Schlegel v2.1.0 cell_type
391,720575940645539694,JO-B,JO-B,JO-B,,serotonin,0.4769572351366361,0,right,606224,300476,79480,Schlegel v2.1.0 cell_type
392,720575940646362403,JO-B,JO-B,JO-B,,serotonin,0.4111417773301187,0,right,614788,307200,72680,Schlegel v2.1.0 cell_type
393,720575940612001489,AMMC-A1,AMMC-A1,,AMMC-A1,acetylcholine,0.33595755592571236,1,left,432588,227400,143240,Codex label 4941 by Claire McKellar: AMMC-A1/giant commissural interneuron/GCI
394,720575940616313942,AMMC-A1,AMMC-A1,,AMMC-A1,acetylcholine,0.3722321944123199,1,left,422496,222432,219120,Codex label 5477 by Claire McKellar: AMMC-A1/giant commissural interneuron/GCI
395,720575940618522433,AMMC-A1,AMMC-A1,,AMMC-A1,acetylcholine,0.2964285438460471,1,right,607252,225460,129200,Codex label 5478 by Claire McKellar: AMMC-A1/giant commissural interneuron/GCI
396,720575940631200327,AMMC-A1,AMMC-A1,,AMMC-A1,acetylcholine,0.3631890564915596,1,right,624844,228636,130000,Codex label 5204 by Christa Baker: AMMC-A1/giant commissural interneuron/GCI
397,720575940631693610,AMMC-A1,AMMC-A1,,AMMC-A1,acetylcholine,0.33661889408394524,1,right,615816,227264,130640,Codex label 4942 by Claire McKellar: AMMC-A1/giant commissural interneuron/GCI
398,720575940632649697,AMMC-A2,AMMC-A2,CB1817b,,acetylcholine,0.8883585630715987,1,left,428596,260988,77920,"Codex label 5497 by Claire McKellar: AMMC-A2, right"
399,720575940638214461,AMMC-A2,AMMC-A2,CB1817b,,acetylcholine,0.8839792705563507,1,right,613548,279192,60760,"Codex label 5495 by Claire McKellar: AMMC-A2, left"
400,720575940603195494,AMMC-B1,AMMC-B1,CB3646,,acetylcholine,0.8738877392865072,1,left,440996,264216,77920,Codex label 6387 by Claire McKellar: AMMC-B1
401,720575940603616800,AMMC-B1,AMMC-B1,CB2558,,acetylcholine,0.8830145556896591,1,left,411168,244832,62480,Codex label 5646 by Claire McKellar: AMMC-B1
402,720575940603636913,AMMC-B1,AMMC-B1,CB1075,,acetylcholine,0.8993174735069372,1,right,637664,260768,37680,Codex label 4943 by Claire McKellar: AMMC-B1
403,720575940604839200,AMMC-B1,AMMC-B1,CB1078,,acetylcholine,0.8820012498480886,1,left,428672,244992,86080,Codex label 5633 by Claire McKellar: AMMC-B1
404,720575940606010569,AMMC-B1,AMMC-B1,CB1425,,acetylcholine,0.9022320294528449,1,right,632160,257056,57200,Codex label 5448 by Christa Baker: AMMC-B1
405,720575940606332629,AMMC-B1,AMMC-B1,CB1078,,acetylcholine,0.7968590740742353,1,left,422720,256160,86240,Codex label 4948 by Claire McKellar: AMMC-B1
406,720575940606336213,AMMC-B1,AMMC-B1,CB2664,,acetylcholine,0.5755431908748186,1,right,601628,283392,96000,Codex label 5450 by Christa Baker: AMMC-B1
407,720575940607188036,AMMC-B1,AMMC-B1,CB1078,,acetylcholine,0.8324991133950085,1,left,417152,242144,70760,Codex label 6325 by Claire McKellar: AMMC-B1
408,720575940608035374,AMMC-B1,AMMC-B1,CB2556,,acetylcholine,0.9460430450723902,1,right,634400,267968,42960,Codex label 5734 by Claire McKellar: AMMC-B1
409,720575940609076693,AMMC-B1,AMMC-B1,CB1280,,acetylcholine,0.7753039425894229,1,right,606124,281516,67200,Codex label 52907 by Christa Baker: AMMC-B1
410,720575940609522382,AMMC-B1,AMMC-B1,CB2664,,acetylcholine,0.8846769380289318,1,right,601396,285468,94480,"Codex label 5519 by Claire McKellar: AMMC-B1, left"
411,720575940609832410,AMMC-B1,AMMC-B1,CB3588,,acetylcholine,0.9391790779485565,1,right,605484,282276,67200,Codex label 5766 by Claire McKellar: AMMC-B1
412,720575940609843865,AMMC-B1,AMMC-B1,CB1078,,acetylcholine,0.8519762094784368,1,right,632000,276928,50880,Codex label 4985 by Claire McKellar: AMMC-B1
413,720575940611277293,AMMC-B1,AMMC-B1,CB1078,,acetylcholine,0.8229722266371534,1,left,422688,248320,84960,Codex label 5644 by Claire McKellar: AMMC-B1
414,720575940611388141,AMMC-B1,AMMC-B1,CB3673,,acetylcholine,0.8192779886636149,1,right,633248,272384,34480,"Codex label 5525 by Claire McKellar: AMMC-B1, left"
415,720575940611864243,AMMC-B1,AMMC-B1,CB3710,,acetylcholine,0.9627438225263106,1,right,604140,282092,67200,Codex label 5721 by Claire McKellar: AMMC-B1
416,720575940611988391,AMMC-B1,AMMC-B1,CB2475,,acetylcholine,0.9533204916663508,1,right,604492,283164,67200,Codex label 5718 by Claire McKellar: AMMC-B1
417,720575940612146174,AMMC-B1,AMMC-B1,CB1542,,acetylcholine,0.8609485040032412,1,left,413280,251904,79720,Codex label 6315 by Claire McKellar: AMMC-B1
418,720575940612153086,AMMC-B1,AMMC-B1,CB3692,,acetylcholine,0.8368949706321953,1,right,642016,264672,33240,"Codex label 5524 by Claire McKellar: AMMC-B1, left"
419,720575940612523571,AMMC-B1,AMMC-B1,CB1542,,acetylcholine,0.8435950714371048,1,left,446712,284508,116280,Codex label 6388 by Claire McKellar: AMMC-B1
420,720575940613380914,AMMC-B1,AMMC-B1,CB3719,,acetylcholine,0.8126041371994336,1,right,439992,237740,140960,Codex label 5723 by Claire McKellar: AMMC-B1
421,720575940613422860,AMMC-B1,AMMC-B1,CB2789,,acetylcholine,0.8818877742250254,1,right,605756,282776,67200,Codex label 5724 by Claire McKellar: AMMC-B1
422,720575940614310802,AMMC-B1,AMMC-B1,CB2664,,acetylcholine,0.8269905391040913,1,left,447868,275092,112000,Codex label 5649 by Claire McKellar: AMMC-B1
423,720575940614633867,AMMC-B1,AMMC-B1,CB1280,,acetylcholine,0.868939955801037,1,right,604404,282480,67200,Codex label 5711 by Claire McKellar: AMMC-B1
424,720575940614840891,AMMC-B1,AMMC-B1,CB1542,,acetylcholine,0.8725687724075633,1,left,444988,276884,106800,Codex label 5470 by Christa Baker: AMMC-B1
425,720575940615226086,AMMC-B1,AMMC-B1,CB3631,,acetylcholine,0.9069223787259257,1,left,442764,265508,77920,Codex label 5648 by Claire McKellar: AMMC-B1
426,720575940615408059,AMMC-B1,AMMC-B1,CB1542,,acetylcholine,0.8485796598805312,1,right,630528,274560,55880,Codex label 5713 by Claire McKellar: AMMC-B1
427,720575940616633925,AMMC-B1,AMMC-B1,CB2521,,acetylcholine,0.9093985602855149,1,left,418592,245824,84840,Codex label 5634 by Claire McKellar: AMMC-B1
428,720575940617882397,AMMC-B1,AMMC-B1,CB3710,,acetylcholine,0.9152803795724128,1,left,419392,260544,77920,Codex label 6392 by Claire McKellar: AMMC-B1
429,720575940618066415,AMMC-B1,AMMC-B1,CB1075,,acetylcholine,0.847169036837257,1,left,430156,260240,77920,Codex label 6389 by Claire McKellar: AMMC-B1
430,720575940618392912,AMMC-B1,AMMC-B1,CB2664,,acetylcholine,0.8898344466374539,1,left,449444,277176,108640,Codex label 5639 by Claire McKellar: AMMC-B1
431,720575940618524481,AMMC-B1,AMMC-B1,CB2556,,acetylcholine,0.8993068714437783,1,left,418820,256696,77920,Codex label 5641 by Claire McKellar: AMMC-B1
432,720575940618599277,AMMC-B1,AMMC-B1,CB2153,,acetylcholine,0.9311283441377405,1,left,414048,247040,80880,Codex label 5635 by Claire McKellar: AMMC-B1
433,720575940618758753,AMMC-B1,AMMC-B1,CB1542,,acetylcholine,0.8378515043152764,1,right,633120,248992,53280,Codex label 4945 by Claire McKellar: AMMC-B1
434,720575940619034806,AMMC-B1,AMMC-B1,CB2789,,acetylcholine,0.8769090968331871,1,right,605840,282532,67200,Codex label 5716 by Claire McKellar: AMMC-B1
435,720575940619405812,AMMC-B1,AMMC-B1,CB1425,,acetylcholine,0.8608973694812128,1,left,449524,273784,114480,Codex label 5447 by Christa Baker: AMMC-B1
436,720575940619942859,AMMC-B1,AMMC-B1,CB1078,,acetylcholine,0.7610316630881855,1,left,418784,248032,80840,Codex label 5632 by Claire McKellar: AMMC-B1
437,720575940620694015,AMMC-B1,AMMC-B1,CB1078,,acetylcholine,0.8166268495162832,1,left,418080,241440,80880,Codex label 5771 by Christa Baker: AMMC-B1
438,720575940620758221,AMMC-B1,AMMC-B1,CB1542,,acetylcholine,0.932397003238871,1,right,604832,281004,67200,Codex label 5714 by Claire McKellar: AMMC-B1
439,720575940621242025,AMMC-B1,AMMC-B1,CB1075,,acetylcholine,0.837820990576965,1,left,447652,269620,111720,Codex label 6321 by Claire McKellar: AMMC-B1
440,720575940621800798,AMMC-B1,AMMC-B1,CB3710,,acetylcholine,0.8821733671868442,1,left,424052,259856,77920,Codex label 6390 by Claire McKellar: AMMC-B1
441,720575940621815766,AMMC-B1,AMMC-B1,CB3533,,acetylcholine,0.9737195273230503,1,right,603756,280408,67200,Codex label 5715 by Claire McKellar: AMMC-B1
442,720575940622004106,AMMC-B1,AMMC-B1,CB2475,,acetylcholine,0.9175791945306943,1,left,441772,265532,77960,Codex label 6391 by Claire McKellar: AMMC-B1
443,720575940622168088,AMMC-B1,AMMC-B1,CB3437,,acetylcholine,0.8853287243615994,1,right,604100,282416,67200,Codex label 5720 by Claire McKellar: AMMC-B1
444,720575940623233238,AMMC-B1,AMMC-B1,CB1076,,acetylcholine,0.8671709450733524,1,left,443488,270176,113000,Codex label 6327 by Claire McKellar: AMMC-B1
445,720575940623817572,AMMC-B1,AMMC-B1,CB2940,,acetylcholine,0.8391486782430457,1,right,603240,282932,67200,Codex label 5707 by Claire McKellar: AMMC-B1
446,720575940624087283,AMMC-B1,AMMC-B1,CB1076,,acetylcholine,0.8612194247400441,1,right,634592,269120,39000,Codex label 5726 by Claire McKellar: AMMC-B1
447,720575940624109464,AMMC-B1,AMMC-B1,CB2558,,acetylcholine,0.8446216109549486,1,right,635744,268000,34560,Codex label 5731 by Claire McKellar: AMMC-B1
448,720575940624704393,AMMC-B1,AMMC-B1,CB1542,,acetylcholine,0.8729978368735326,1,left,449552,271540,108160,Codex label 6317 by Claire McKellar: AMMC-B1
449,720575940624795017,AMMC-B1,AMMC-B1,CB1078,,acetylcholine,0.911373579714406,1,right,631232,269280,59720,Codex label 5717 by Claire McKellar: AMMC-B1
450,720575940624872179,AMMC-B1,AMMC-B1,CB1078,,acetylcholine,0.7202781362647654,1,left,416768,256960,80560,Codex label 6385 by Claire McKellar: AMMC-B1
451,720575940624878602,AMMC-B1,AMMC-B1,CB3581,,acetylcholine,0.9405584818488569,1,right,604096,282712,67200,Codex label 5709 by Claire McKellar: AMMC-B1
452,720575940625483962,AMMC-B1,AMMC-B1,CB3692,,acetylcholine,0.8395768753399714,1,left,443984,269304,112120,Codex label 6329 by Claire McKellar: AMMC-B1
453,720575940625683176,AMMC-B1,AMMC-B1,CB1078,,acetylcholine,0.819219754004098,1,right,624416,264448,66760,Codex label 5728 by Claire McKellar: AMMC-B1
454,720575940626153488,AMMC-B1,AMMC-B1,CB3673,,acetylcholine,0.8136146093407979,1,left,423252,255756,77920,"Codex label 5522 by Claire McKellar: AMMC-B1, right"
455,720575940626562570,AMMC-B1,AMMC-B1,CB1078,,acetylcholine,0.8043811734341162,1,right,621472,272736,65240,Codex label 4947 by Claire McKellar: AMMC-B1
456,720575940627263375,AMMC-B1,AMMC-B1,CB3719,,acetylcholine,0.8428701632233357,1,left,435360,252384,90720,Codex label 5647 by Claire McKellar: AMMC-B1
457,720575940627311106,AMMC-B1,AMMC-B1,,SAD049,acetylcholine,0.6580805129415627,1,right,603944,283464,67200,Codex label 5733 by Claire McKellar: AMMC-B1
458,720575940627410944,AMMC-B1,AMMC-B1,CB1078,,acetylcholine,0.8841137947794226,1,left,421376,254208,80760,Codex label 6323 by Claire McKellar: AMMC-B1
459,720575940627455621,AMMC-B1,AMMC-B1,CB3588,,acetylcholine,0.9200645080257339,1,left,441516,265044,77920,Codex label 6384 by Claire McKellar: AMMC-B1
460,720575940628016983,AMMC-B1,AMMC-B1,CB3581,,acetylcholine,0.9269458948640217,1,left,442208,264672,77920,Codex label 5636 by Claire McKellar: AMMC-B1
461,720575940628910095,AMMC-B1,AMMC-B1,CB1542,,acetylcholine,0.9169461657608998,1,right,636288,267360,47320,Codex label 5725 by Claire McKellar: AMMC-B1
462,720575940629063418,AMMC-B1,AMMC-B1,CB3533,,acetylcholine,0.9483966168173933,1,left,425656,258528,77920,Codex label 5638 by Claire McKellar: AMMC-B1
463,720575940630028359,AMMC-B1,AMMC-B1,CB2789,,acetylcholine,0.8912231321525632,1,left,421076,261284,77920,Codex label 5643 by Claire McKellar: AMMC-B1
464,720575940630277175,AMMC-B1,AMMC-B1,CB1702,,acetylcholine,0.908856725323227,1,left,443144,270044,111280,Codex label 52908 by Christa Baker: AMMC-B1
465,720575940630788919,AMMC-B1,AMMC-B1,CB1136,,acetylcholine,0.5244941256325131,1,right,605604,282888,67200,Codex label 5730 by Claire McKellar: AMMC-B1
466,720575940632715359,AMMC-B1,AMMC-B1,CB1078,,acetylcholine,0.9278186571197202,1,right,605368,280384,67200,Codex label 5729 by Claire McKellar: AMMC-B1
467,720575940632829507,AMMC-B1,AMMC-B1,CB1702,,acetylcholine,0.9314862483474159,1,right,603996,280548,67200,"Codex label 5521 by Claire McKellar: AMMC-B1, left"
468,720575940634599792,AMMC-B1,AMMC-B1,CB2153,,acetylcholine,0.9633200334362264,1,right,422416,250492,149680,Codex label 5722 by Claire McKellar: AMMC-B1
469,720575940634606693,AMMC-B1,AMMC-B1,CB2556,,acetylcholine,0.9095300371736879,1,right,604588,282692,67200,Codex label 5712 by Claire McKellar: AMMC-B1
470,720575940634701407,AMMC-B1,AMMC-B1,CB2789,,acetylcholine,0.8731021331667042,1,left,410336,254912,75160,Codex label 5645 by Claire McKellar: AMMC-B1
471,720575940634877850,AMMC-B1,AMMC-B1,CB1076,,acetylcholine,0.9029096513700948,1,left,420540,257272,77920,Codex label 6319 by Claire McKellar: AMMC-B1
472,720575940636679989,AMMC-B1,AMMC-B1,CB1078,,acetylcholine,0.8648112372263093,1,left,417408,252288,84960,Codex label 4950 by Claire McKellar: AMMC-B1
473,720575940639205198,AMMC-B1,AMMC-B1,CB2153,,acetylcholine,0.9623423323203876,1,right,587548,235824,127600,Codex label 5735 by Claire McKellar: AMMC-B1
474,720575940639241279,AMMC-B1,AMMC-B1,CB2664,,acetylcholine,0.7874402282877333,1,right,605928,282292,67200,"Codex label 5520 by Claire McKellar: AMMC-B1, left"
475,720575940639696755,AMMC-B1,AMMC-B1,CB2558,,acetylcholine,0.9240996280427826,1,left,425828,258772,77920,Codex label 5642 by Claire McKellar: AMMC-B1
476,720575940642412941,AMMC-B1,AMMC-B1,CB1542,,acetylcholine,0.911150651763929,1,right,639200,258720,43080,Codex label 5710 by Claire McKellar: AMMC-B1
477,720575940644072483,AMMC-B1,AMMC-B1,CB3533,,acetylcholine,0.9504956858835077,1,left,427104,258300,77920,Codex label 5640 by Claire McKellar: AMMC-B1
478,720575940646341486,AMMC-B1,AMMC-B1,CB3673,,acetylcholine,0.7839060121084092,1,left,445992,268948,113760,"Codex label 5523 by Claire McKellar: AMMC-B1, right"
479,720575940646400644,AMMC-B1,AMMC-B1,CB2153,,acetylcholine,0.9232349990228023,1,left,446108,280112,106640,Codex label 5637 by Claire McKellar: AMMC-B1
480,720575940659098241,AMMC-B1,AMMC-B1,CB3646,,acetylcholine,0.891377873671136,1,left,433156,262428,77920,Codex label 6386 by Claire McKellar: AMMC-B1
481,720575940611597298,AMMC-B2,AMMC-B2,CB0758,,gaba,0.5530040763526806,-1,right,634240,324480,137200,Codex label 5455 by Claire McKellar: AMMC-B2
482,720575940613311151,AMMC-B2,AMMC-B2,CB0090,,glutamate,0.4380031521967255,-1,left,407264,302464,154000,"Codex label 5498 by Claire McKellar: AMMC-B2, right"
483,720575940620012253,AMMC-B2,AMMC-B2,CB0758,,gaba,0.5549012972459401,-1,right,635520,324128,131200,Codex label 5454 by Claire McKellar: AMMC-B2
484,720575940624700138,AMMC-B2,AMMC-B2,CB0090,,gaba,0.7352335636008814,-1,right,640832,323360,126760,Codex label 5452 by Claire McKellar: AMMC-B2
485,720575940625984528,AMMC-B2,AMMC-B2,CB0758,,glutamate,0.40479893846070186,-1,left,423072,311840,153880,Codex label 4953 by Claire McKellar: AMMC-B2
486,720575940629065154,AMMC-B2,AMMC-B2,CB0758,,glutamate,0.4737331760001986,-1,left,427776,313920,156880,Codex label 4954 by Claire McKellar: AMMC-B2
487,720575940602914988,WED/IVLP auditory,AVLP_pr01,CB2364,,gaba,0.7871368808476257,-1,right,711104,184932,110560,Codex label 5676 by Claire McKellar: AVLP_pr01
488,720575940603331686,WED/IVLP auditory,AVLP_pr05,,CL253,gaba,0.7599906856274896,-1,right,671940,209512,180960,Codex label 5968 by Christa Baker: AVLP_pr05
489,720575940603533246,WED/IVLP auditory,WV-WV,,,gaba,0.4780207741576588,-1,center,534560,356128,189480,Codex label 52918 by Christa Baker: WV-WV
490,720575940603683505,WED/IVLP auditory,AVLP_pr01,CB2253,,gaba,0.7426978021305615,-1,left,377824,218872,134400,Codex label 5934 by Christa Baker: AVLP_pr01
491,720575940603692256,WED/IVLP auditory,AVLP_pr22,CB2433,,acetylcholine,0.6403800722226585,1,right,657080,194036,66880,Codex label 5894 by Christa Baker: AVLP_pr22
492,720575940603695025,WED/IVLP auditory,AVLP_pr22,CB1069,,acetylcholine,0.7292451471895045,1,right,657880,193708,66920,Codex label 52930 by Christa Baker: AVLP_pr22
493,720575940604201830,WED/IVLP auditory,WV-WV,,,gaba,0.4026535515594572,-1,center,519480,324696,154800,Codex label 52923 by Christa Baker: WV-WV
494,720575940605114754,WED/IVLP auditory,AVLP/PVLP_pr01,AVLP451a,AVLP451,acetylcholine,0.7758941423966846,1,left,477176,277224,92800,Codex label 5945 by Christa Baker: AVLP/PVLP_pr01
495,720575940605214636,WED/IVLP auditory,WV-WV,,,gaba,0.648284396363035,-1,center,521180,324200,154480,Codex label 52922 by Christa Baker: WV-WV
496,720575940606202891,WED/IVLP auditory,AVLP_pr05,,AVLP560,gaba,0.8079315678324948,-1,left,383192,212740,189640,Codex label 5849 by Christa Baker: AVLP_pr05
497,720575940606613771,WED/IVLP auditory,AVLP_pr22,CB2041,,glutamate,0.39282576930107904,-1,right,657904,193544,66880,Codex label 5898 by Christa Baker: AVLP_pr22
498,720575940606687957,WED/IVLP auditory,AVLP_pr12,,CL062_a,acetylcholine,0.8914582271541365,1,left,350312,203824,109120,Codex label 5998 by Christa Baker: AVLP_pr12
499,720575940607049941,WED/IVLP auditory,AVLP_pr05,CB2260,,gaba,0.5825668775387417,-1,left,377996,199824,205480,Codex label 5979 by Christa Baker: AVLP_pr05
500,720575940607055061,WED/IVLP auditory,AVLP_pr01,AVLP006a,AVLP006,gaba,0.7645847511588543,-1,right,711468,186628,110560,Codex label 5680 by Claire McKellar: AVLP_pr01
501,720575940608082990,WED/IVLP auditory,AVLP_pr12,,CL062_b,acetylcholine,0.816523695134664,1,left,404660,198924,105960,Codex label 5996 by Christa Baker: AVLP_pr12
502,720575940608287497,WED/IVLP auditory,AVLP_pr04,,AVLP535,gaba,0.8094649570464841,-1,left,380788,203444,205480,Codex label 5577 by Christa Baker: AVLP_pr04
503,720575940608432760,WED/IVLP auditory,SAD_pr02,CB1942,,gaba,0.6398641961836822,-1,left,407608,289164,137520,Codex label 52944 by Christa Baker: SAD_pr02
504,720575940608819780,WED/IVLP auditory,WED_pr01,CB2206,,acetylcholine,0.8871675275609844,1,left,393444,161136,206920,Codex label 5526 by Christa Baker: WED_pr01 right
505,720575940609291214,WED/IVLP auditory,IPS/WED_pr01,,WED057,gaba,0.7746161648743594,-1,left,402648,303584,121880,Codex label 52938 by Christa Baker: IPS/WED_pr01
506,720575940609630357,WED/IVLP auditory,IPS_pr01,,WED025,gaba,0.83257303251254,-1,left,430204,254700,112920,Codex label 5757 by Christa Baker: IPS_pr01
507,720575940609927141,WED/IVLP auditory,WED-VLP,CB2108,,acetylcholine,0.7911682399826573,1,right,694524,277664,81560,Codex label 6346 by Christa Baker: WED-VLP
508,720575940609927653,WED/IVLP auditory,WED-VLP,CB1206,,acetylcholine,0.8177949642688466,1,right,693956,280220,81600,Codex label 6361 by Christa Baker: WED-VLP
509,720575940610088618,WED/IVLP auditory,IPS_pr01,,WEDPN1A,gaba,0.664091236211568,-1,right,618956,263568,93880,Codex label 5965 by Christa Baker: IPS_pr01
510,720575940610116581,WED/IVLP auditory,IPS_pr02,CB0033,,gaba,0.8782858036291585,-1,right,552864,362272,194880,Codex label 6099 by Christa Baker: IPS_pr02
511,720575940610399461,WED/IVLP auditory,AVLP/PVLP_pr01,,AVLP459,acetylcholine,0.6565103261995662,1,left,476580,276608,93400,Codex label 52949 by Christa Baker: AVLP/PVLP_pr01
512,720575940610414450,WED/IVLP auditory,AVLP_pr22,CB1917,,acetylcholine,0.685616859616595,1,left,390792,177288,104720,Codex label 6052 by Christa Baker: AVLP_pr22
513,720575940610558357,WED/IVLP auditory,AVLP_pr02,,aSP8,gaba,0.6914760551024779,-1,left,369824,180868,145600,Codex label 6413 by Christa Baker: AVLP_pr02
514,720575940610653462,WED/IVLP auditory,PVLP_pr03,CB2278,,gaba,0.8338818985998391,-1,right,420572,233568,131320,Codex label 5959 by Christa Baker: PVLP_pr03; PVLP047(HB)
515,720575940610880149,WED/IVLP auditory,AVLP_pr31,CB1904,,acetylcholine,0.8491821963804671,1,right,701904,261812,87160,Codex label 52940 by Christa Baker: AVLP_pr31
516,720575940610929379,WED/IVLP auditory,AVLP_pr32,CB1730,,acetylcholine,0.8524259006774564,1,left,346264,251752,126320,Codex label 6423 by Christa Baker: AVLP_pr32 right
517,720575940611335859,WED/IVLP auditory,SAD_pr02,CB1969,,gaba,0.5440936656696338,-1,left,403668,304444,121880,Codex label 6047 by Christa Baker: SAD_pr02
518,720575940611420634,WED/IVLP auditory,AVLP/PVLP_pr01,AVLP451c,AVLP451,acetylcholine,0.6648205186687208,1,left,478348,276204,93400,Codex label 5948 by Christa Baker: AVLP/PVLP_pr01
519,720575940611694545,WED/IVLP auditory,AVLP_pr31,CB2593,,acetylcholine,0.9220860325769352,1,left,350172,247092,126320,Codex label 6429 by Christa Baker: AVLP_pr31 right
520,720575940611812527,WED/IVLP auditory,PVLP_pr03,CB2676,,gaba,0.7269036673173204,-1,right,610928,206116,109240,Codex label 6031 by Christa Baker: PVLP_pr03; AVLP201
521,720575940611888337,WED/IVLP auditory,AVLP_pr22,CB2433,,acetylcholine,0.6579706308670114,1,left,387332,175696,104720,Codex label 52932 by Christa Baker: AVLP_pr22
522,720575940612409494,WED/IVLP auditory,AVLP_pr35,,AVLP091,gaba,0.7253288897992802,-1,right,665664,323200,96520,Codex label 5852 by Christa Baker: AVLP_pr35
523,720575940612965791,WED/IVLP auditory,AVLP_pr05,CB2260,,gaba,0.5479574594417762,-1,left,380972,202060,205480,Codex label 5980 by Christa Baker: AVLP_pr05
524,720575940612975007,WED/IVLP auditory,IPS/WED_pr01,,WED057,gaba,0.687203777422004,-1,right,642248,312920,106560,Codex label 5953 by Christa Baker: IPS/WED_pr01
525,720575940612975853,WED/IVLP auditory,AVLP/PVLP_pr01,CB1498,,acetylcholine,0.7523874101594947,1,left,487796,205176,157480,Codex label 5944 by Christa Baker: AVLP/PVLP_pr01
526,720575940613531295,WED/IVLP auditory,AVLP/PVLP_pr01,,AVLP457,acetylcholine,0.6953910746215438,1,left,477344,276484,93400,Codex label 52948 by Christa Baker: AVLP/PVLP_pr01
527,720575940614018060,WED/IVLP auditory,IPS_pr02,CB0033,,gaba,0.8403641969280916,-1,left,453300,344376,184720,Codex label 6100 by Christa Baker: IPS_pr02
528,720575940614437462,WED/IVLP auditory,AVLP_pr12,,CL062_b,acetylcholine,0.763061947559326,1,left,356136,205668,109120,Codex label 5814 by Christa Baker: AVLP_pr12
529,720575940614949938,WED/IVLP auditory,AVLP_pr22,CB2623,,acetylcholine,0.8100486256552322,1,right,656684,194316,66880,Codex label 5893 by Christa Baker: AVLP_pr22
530,720575940615205427,WED/IVLP auditory,PVLP_pr03,CB2261,,gaba,0.8576634804970965,-1,right,610144,205600,109280,Codex label 6024 by Christa Baker: PVLP_pr03
531,720575940615236582,WED/IVLP auditory,IPS/WED_pr01,,WED057,gaba,0.729086495900651,-1,left,402876,303644,121880,Codex label 5780 by Christa Baker: IPS/WED_pr01
532,720575940615348770,WED/IVLP auditory,AVLP_pr05,CB1660,,glutamate,0.4825498751913353,-1,right,671740,213404,180960,Codex label 5971 by Christa Baker: AVLP_pr05
533,720575940615592409,WED/IVLP auditory,AVLP_pr36,CB1090,,acetylcholine,0.9051933019901237,1,right,655168,225056,32040,Codex label 6435 by Christa Baker: AVLP_pr36; aSP10A-C(HB)
534,720575940615625053,WED/IVLP auditory,SAD_pr02,CB1198,,gaba,0.4376704232807325,-1,left,403604,304880,121880,Codex label 6044 by Christa Baker: SAD_pr02
535,720575940615729179,WED/IVLP auditory,AVLP_pr05,CB1380,,gaba,0.5687266425314446,-1,left,377832,200716,205480,Codex label 5983 by Christa Baker: AVLP_pr05
536,720575940615768861,WED/IVLP auditory,IPS/WED_pr01,,WED057,gaba,0.7146147672341482,-1,right,642560,314868,106560,Codex label 5955 by Christa Baker: IPS/WED_pr01
537,720575940615798045,WED/IVLP auditory,AVLP_pr05,,CL252,gaba,0.7649413037800006,-1,right,671048,213468,180960,Codex label 52950 by Christa Baker: AVLP_pr05
538,720575940615915035,WED/IVLP auditory,IPS_pr01,,WEDPN1A,gaba,0.7069640829693183,-1,right,618692,263800,93880,Codex label 5964 by Christa Baker: IPS_pr01
539,720575940615930299,WED/IVLP auditory,WED_pr02,CB3491,,gaba,0.7173283847748921,-1,right,647936,320096,107760,Codex label 5961 by Christa Baker: WED_pr02
540,720575940616211013,WED/IVLP auditory,WED_pr02,CB3491,,gaba,0.7035025333368219,-1,right,640652,320132,107640,Codex label 5960 by Christa Baker: WED_pr02
541,720575940616420150,WED/IVLP auditory,IPS/WED_pr01,,WED057,gaba,0.734265642954646,-1,right,642888,314552,106520,Codex label 5952 by Christa Baker: IPS/WED_pr01
542,720575940616611382,WED/IVLP auditory,WED-VLP,CB2108,,acetylcholine,0.818989971851548,1,right,695264,276904,81560,Codex label 6357 by Christa Baker: WED-VLP
543,720575940616612313,WED/IVLP auditory,WED_pr01,,WED089,acetylcholine,0.9526990332884272,1,right,393188,212388,192360,Codex label 52807 by Christa Baker: WED_pr01
544,720575940616783833,WED/IVLP auditory,AVLP_pr11,CB2660,,acetylcholine,0.5971292833700665,1,left,392668,206488,116640,"Codex label 5578 by Christa Baker: AVLP_pr11 (commissure, no ring)"
545,720575940616812217,WED/IVLP auditory,IPS_pr01,,WEDPN1A,gaba,0.6912303998851526,-1,right,619252,263540,93880,Codex label 52952 by Christa Baker: IPS_pr01
546,720575940617073113,WED/IVLP auditory,AVLP_pr11,CB2659,,acetylcholine,0.7062137233163879,1,right,687204,224780,63720,Codex label 6000 by Christa Baker: AVLP_pr11
547,720575940617193009,WED/IVLP auditory,AVLP_pr05,,CL252,gaba,0.7258232405141284,-1,right,671196,213588,180960,Codex label 5969 by Christa Baker: AVLP_pr05
548,720575940617197057,WED/IVLP auditory,SAD_pr02,CB3024,,gaba,0.6155509165936555,-1,right,641552,322724,107560,Codex label 52941 by Christa Baker: SAD_pr02
549,720575940617353433,WED/IVLP auditory,AVLP_pr32,CB1730,,acetylcholine,0.6877602645674433,1,left,337408,271296,124120,Codex label 6425 by Christa Baker: AVLP_pr32 right
550,720575940617390027,WED/IVLP auditory,AVLP_pr02,,AVLP009,gaba,0.6485358285275147,-1,left,370748,184352,142480,Codex label 4927 by Claire McKellar: AVLP_pr02
551,720575940617529669,WED/IVLP auditory,AVLP_pr05,,CL252,gaba,0.6005019092080833,-1,right,671008,213720,180960,Codex label 5967 by Christa Baker: AVLP_pr05
552,720575940617575760,WED/IVLP auditory,IPS_pr01,,WEDPN1A,gaba,0.7398413587512077,-1,left,418896,272936,168280,Codex label 5758 by Christa Baker: IPS_pr01; WED-PN1
553,720575940617622219,WED/IVLP auditory,AVLP_pr22,CB1069,,acetylcholine,0.7665953808527214,1,right,656596,194496,66880,Codex label 5628 by Christa Baker: AVLP_pr22
554,720575940617842196,WED/IVLP auditory,AVLP_pr05,,PLP160,gaba,0.8203855013644115,-1,left,379052,200032,205480,Codex label 5984 by Christa Baker: AVLP_pr05
555,720575940617884736,WED/IVLP auditory,SAD_pr02,CB3105,,gaba,0.625014361442375,-1,right,643220,315580,106520,Codex label 52942 by Christa Baker: SAD_pr02
556,720575940617943205,WED/IVLP auditory,AVLP_pr05,,PLP160,gaba,0.823693597434837,-1,right,671160,211504,180960,Codex label 5881 by Claire McKellar: AVLP_pr05
557,720575940618003672,WED/IVLP auditory,AVLP_pr22,CB2006,,acetylcholine,0.6987880870919105,1,right,656396,194524,66920,Codex label 52928 by Christa Baker: AVLP_pr22
558,720575940618048724,WED/IVLP auditory,AVLP_pr05,,CL253,gaba,0.8001634195306023,-1,left,380516,202504,205480,Codex label 5850 by Christa Baker: AVLP_pr05
559,720575940618184773,WED/IVLP auditory,AVLP_pr11,CB2281,,acetylcholine,0.800599515197457,1,left,352728,204524,109120,Codex label 6006 by Christa Baker: AVLP_pr11
560,720575940618225030,WED/IVLP auditory,IPS/WED_pr01,,WED057,gaba,0.8077447116281123,-1,left,403360,303660,121880,Codex label 5832 by Christa Baker: IPS/WED_pr01
561,720575940618292416,WED/IVLP auditory,IPS_pr01,,WEDPN1A,gaba,0.6913669942419469,-1,left,382940,186368,177920,Codex label 5759 by Christa Baker: IPS_pr01
562,720575940618477806,WED/IVLP auditory,AVLP_pr05,,CL253,gaba,0.767027530164295,-1,right,670448,214348,179320,Codex label 5883 by Claire McKellar: AVLP_pr05
563,720575940619583749,WED/IVLP auditory,AVLP_pr02,,AVLP009,gaba,0.6109612352993559,-1,right,711136,185068,110680,Codex label 5690 by Claire McKellar: AVLP_pr02
564,720575940619783518,WED/IVLP auditory,AVLP_pr01,CB2364,,gaba,0.7956215580768653,-1,right,710836,186648,110680,Codex label 5206 by Christa Baker: AVLP_pr01
565,720575940619785566,WED/IVLP auditory,WED-VLP,CB3234,,acetylcholine,0.8328621070351119,1,right,695432,276728,81600,Codex label 6358 by Christa Baker: WED-VLP
566,720575940620062633,WED/IVLP auditory,AVLP_pr01,CB1614,,gaba,0.7906593959045843,-1,right,711232,187052,110680,Codex label 5672 by Claire McKellar: AVLP_pr01
567,720575940620191453,WED/IVLP auditory,AVLP_pr05,,AVLP486,gaba,0.5461617670713481,-1,right,670916,213308,180960,Codex label 5973 by Christa Baker: AVLP_pr05
568,720575940620195719,WED/IVLP auditory,AVLP_pr01,CB2364,,gaba,0.7389962543421732,-1,right,711724,184916,110600,Codex label 5685 by Claire McKellar: AVLP_pr01
569,720575940620356557,WED/IVLP auditory,AVLP_pr36,CB1783,,acetylcholine,0.9127315831960536,1,right,657984,248000,28320,Codex label 6408 by Christa Baker: AVLP_pr36
570,720575940620566733,WED/IVLP auditory,AVLP_pr22,CB1069,,acetylcholine,0.8556554951643432,1,left,385564,176436,104720,Codex label 52934 by Christa Baker: AVLP_pr22
571,720575940620738799,WED/IVLP auditory,WED_pr02,CB2228,,gaba,0.5904069844675338,-1,right,640968,322836,107480,Codex label 52957 by Christa Baker: WED_pr02
572,720575940620808948,WED/IVLP auditory,AVLP_pr22,CB3287,,acetylcholine,0.7252534792141194,1,right,694208,199584,60440,Codex label 5900 by Christa Baker: AVLP_pr22
573,720575940620859886,WED/IVLP auditory,SAD_pr02,CB1198,,gaba,0.3674188591682174,-1,left,405396,305432,121880,Codex label 6045 by Christa Baker: SAD_pr02
574,720575940620910774,WED/IVLP auditory,SAD_pr02,CB1198,,gaba,0.4801516374882658,-1,left,404484,304260,121880,Codex label 52943 by Christa Baker: SAD_pr02
575,720575940620929416,WED/IVLP auditory,AVLP_pr01,CB2253,,gaba,0.7814573593872085,-1,left,361560,173608,145920,Codex label 4923 by Claire McKellar: AVLP_pr01
576,720575940621146771,WED/IVLP auditory,WED_pr02,CB1383,,gaba,0.8284607347152441,-1,left,404620,303952,121520,Codex label 5827 by Christa Baker: WED_pr02
577,720575940621324996,WED/IVLP auditory,SAD_pr02,CB1065,,gaba,0.3048426594891769,-1,right,642552,317500,106560,Codex label 5962 by Christa Baker: SAD_pr02
578,720575940621625607,WED/IVLP auditory,AVLP_pr31,CB1904,,acetylcholine,0.9010243925434617,1,left,349096,247372,126320,Codex label 6427 by Christa Baker: AVLP_pr31 right
579,720575940621713672,WED/IVLP auditory,AVLP_pr01,AVLP006b,AVLP006,gaba,0.6606782986493527,-1,left,359864,173516,146120,Codex label 4925 by Claire McKellar: AVLP_pr01 (with lateral projection)
580,720575940621717469,WED/IVLP auditory,WV-WV,,,gaba,0.6769761561824573,-1,center,524384,324304,153120,Codex label 52921 by Christa Baker: WV-WV
581,720575940621779035,WED/IVLP auditory,AVLP_pr23,CB0148,,acetylcholine,0.9587373598959068,1,right,630304,318464,166840,Codex label 52809 by Christa Baker: AVLP_pr23
582,720575940622065432,WED/IVLP auditory,AVLP_pr01,CB2364,,gaba,0.8555759149172198,-1,left,363732,174940,146640,Codex label 4917 by Claire McKellar: AVLP_pr01
583,720575940622123981,WED/IVLP auditory,WV-WV-1,,,gaba,0.795784589331145,-1,center,531712,337216,199480,Codex label 52804 by Christa Baker: WV-WV-1
584,720575940622157277,WED/IVLP auditory,AVLP/PVLP_pr01,,,acetylcholine,0.6116817280797675,1,right,597044,268964,114040,Codex label 52946 by Christa Baker: AVLP/PVLP_pr01
585,720575940622304243,WED/IVLP auditory,PVLP_pr03,CB2278,,gaba,0.8497658186588689,-1,left,432560,200444,108640,Codex label 6011 by Christa Baker: PVLP_pr03
586,720575940622409983,WED/IVLP auditory,PVLP_pr03,CB2853,,gaba,0.8508914163233494,-1,right,610928,205772,109240,Codex label 6023 by Christa Baker: PVLP_pr03
587,720575940622519773,WED/IVLP auditory,AVLP_pr11,CB2659,,acetylcholine,0.7977173477352267,1,right,686652,224772,63680,Codex label 5653 by Christa Baker: AVLP_pr11
588,720575940622529574,WED/IVLP auditory,WED_pr01,CB1675,,acetylcholine,0.95837142765723,1,left,400628,175840,200640,Codex label 5857 by Christa Baker: WED_pr01
589,720575940622860680,WED/IVLP auditory,AVLP_pr11,CB2659,,acetylcholine,0.6696597490621001,1,left,391336,209128,116920,Codex label 5906 by Christa Baker: AVLP_pr11
590,720575940622998021,WED/IVLP auditory,AVLP_pr11,CB2289,,acetylcholine,0.7036845542208465,1,right,685328,225420,63680,Codex label 6002 by Christa Baker: AVLP_pr11
591,720575940623090446,WED/IVLP auditory,SAD_pr02,CB1942,,gaba,0.5553755293506326,-1,left,402308,304148,121920,Codex label 6042 by Christa Baker: SAD_pr02
592,720575940623113752,WED/IVLP auditory,AVLP_pr04,,AVLP538,dopamine,0.6626480734373225,0,left,395476,252424,174520,Codex label 5588 by Christa Baker: AVLP_pr04 (dopaminergic)
593,720575940623352873,WED/IVLP auditory,AVLP_pr22,CB2041,,acetylcholine,0.41920915131883435,1,left,390884,177676,104720,Codex label 6050 by Christa Baker: AVLP_pr22
594,720575940623414781,WED/IVLP auditory,AVLP_pr11,CB2428,,acetylcholine,0.6439387791200029,1,left,392312,209324,119400,Codex label 52956 by Christa Baker: AVLP_pr11
595,720575940623621157,WED/IVLP auditory,WED_pr01,WED092a,WED092,acetylcholine,0.9496366732621409,1,right,654700,251216,160200,Codex label 5854 by Claire McKellar: WED_pr01
596,720575940623688119,WED/IVLP auditory,WED_pr02,CB1760,,gaba,0.694358929838406,-1,left,390532,286784,145800,Codex label 6035 by Christa Baker: WED_pr02
597,720575940623748298,WED/IVLP auditory,AVLP_pr05,CB1660,,glutamate,0.5213803630446282,-1,right,671120,213352,180960,Codex label 5972 by Christa Baker: AVLP_pr05
598,720575940623781438,WED/IVLP auditory,AVLP_pr22,CB2433,,acetylcholine,0.5830023894022394,1,right,657676,193688,66880,Codex label 52929 by Christa Baker: AVLP_pr22
599,720575940623802298,WED/IVLP auditory,IPS/WED_pr01,,WED057,gaba,0.8239242061881927,-1,left,403856,303480,121880,Codex label 52939 by Christa Baker: IPS/WED_pr01
600,720575940623987982,WED/IVLP auditory,AVLP_pr01,CB2364,,gaba,0.8043601829191688,-1,left,377896,212592,136000,Codex label 4928 by Claire McKellar: AVLP_pr01
601,720575940624015459,WED/IVLP auditory,IPS_pr01,,WEDPN1A,gaba,0.6761427658264529,-1,right,618836,263932,93880,Codex label 52953 by Christa Baker: IPS_pr01
602,720575940624134296,WED/IVLP auditory,WED_pr02,CB1948,,gaba,0.6876338665293552,-1,left,409380,290848,131440,Codex label 5835 by Christa Baker: WED_pr02
603,720575940624172290,WED/IVLP auditory,AVLP_pr05,,PLP160,gaba,0.8211873714112957,-1,right,671060,213152,180960,Codex label 5884 by Claire McKellar: AVLP_pr05
604,720575940624314468,WED/IVLP auditory,WED_pr01,CB1675,,acetylcholine,0.9627182527067363,1,right,656556,166268,174080,Codex label 5856 by Christa Baker: WED_pr01
605,720575940624375324,WED/IVLP auditory,AVLP_pr31,CB3002,,acetylcholine,0.9056786288489354,1,left,349848,247868,126320,Codex label 6350 by Claire McKellar: AVLP_pr31
606,720575940624473918,WED/IVLP auditory,WED_pr01,,WED089,acetylcholine,0.960580214776355,1,left,373248,143648,206200,Codex label 5853 by Claire McKellar: WED_pr01
607,720575940624571116,WED/IVLP auditory,SAD_pr01,CB0104,,gaba,0.7400360952263827,-1,right,634112,328768,121440,Codex label 5773 by Christa Baker: SAD_pr01
608,720575940624574100,WED/IVLP auditory,AVLP_pr11,CB2458,,acetylcholine,0.7988759316746904,1,right,686536,224512,63720,Codex label 52954 by Christa Baker: AVLP_pr11
609,720575940624666245,WED/IVLP auditory,GNG_pr01,,SAD017,gaba,0.7722154115578361,-1,left,410216,289892,166480,Codex label 52925 by Christa Baker: GNG_pr01
610,720575940624875018,WED/IVLP auditory,WED_pr01,CB1533,,acetylcholine,0.9345812170268107,1,right,700928,162080,177200,Codex label 5855 by Christa Baker: WED_pr01
611,720575940625032721,WED/IVLP auditory,WED-VLP,CB1206,,acetylcholine,0.8122256057336393,1,right,693984,280748,81600,Codex label 5453 by Christa Baker: WED-VLP
612,720575940625194558,WED/IVLP auditory,PVLP_pr03,CB3513,,gaba,0.7388629013292453,-1,right,607932,206976,109280,Codex label 6032 by Christa Baker: PVLP_pr03
613,720575940625391397,WED/IVLP auditory,IPS/WED_pr01,,WED057,gaba,0.8338459329425398,-1,left,403092,303708,121880,Codex label 6036 by Christa Baker: IPS/WED_pr01
614,720575940625427272,WED/IVLP auditory,AVLP_pr31,CB2510,,acetylcholine,0.8299732471730648,1,left,342944,284416,113400,Codex label 6351 by Christa Baker: AVLP_pr31
615,720575940625463048,WED/IVLP auditory,AVLP_pr22,AVLP234a,AVLP234,acetylcholine,0.7049186852429162,1,right,655860,194224,66880,Codex label 5896 by Christa Baker: AVLP_pr22
616,720575940625701909,WED/IVLP auditory,AVLP_pr31,CB1762,,acetylcholine,0.7049462603706288,1,left,342848,270720,121680,Codex label 6353 by Christa Baker: AVLP_pr31
617,720575940625839345,WED/IVLP auditory,AVLP_pr05,,CL252,gaba,0.7977879381879871,-1,right,671528,213532,180960,Codex label 5970 by Christa Baker: AVLP_pr05
618,720575940625887631,WED/IVLP auditory,WED_pr02,CB3491,,gaba,0.6384558334089944,-1,right,639816,319776,105560,Codex label 5957 by Christa Baker: WED_pr02
619,720575940625989904,WED/IVLP auditory,WED-VLP,CB2108,,acetylcholine,0.8259425210822233,1,right,695288,277344,81560,Codex label 6347 by Christa Baker: WED-VLP
620,720575940626042499,WED/IVLP auditory,AVLP_pr01,CB2114,,gaba,0.7835452873164269,-1,left,378376,204160,136760,Codex label 4921 by Claire McKellar: AVLP_pr01
621,720575940626196313,WED/IVLP auditory,AVLP_pr35,,AVLP091,gaba,0.808237493965772,-1,left,362252,273600,103160,Codex label 5991 by Christa Baker: AVLP_pr35
622,720575940626228329,WED/IVLP auditory,WED_pr01,CB1675,,acetylcholine,0.9492693272746937,1,right,670824,162172,184760,Codex label 5859 by Claire McKellar: WED_pr01
623,720575940626401552,WED/IVLP auditory,AVLP_pr05,CB1380,,gaba,0.6625982015683198,-1,left,380940,201832,205480,Codex label 5976 by Christa Baker: AVLP_pr05
624,720575940626568235,WED/IVLP auditory,AVLP_pr31,CB3002,,acetylcholine,0.8917407623428713,1,left,347040,279840,128000,Codex label 6352 by Christa Baker: AVLP_pr31
625,720575940626583056,WED/IVLP auditory,PVLP_pr03,CB0352,,gaba,0.7368729849662478,-1,right,610928,206352,109280,Codex label 6029 by Christa Baker: PVLP_pr03
626,720575940626774037,WED/IVLP auditory,AVLP_pr11,CB2458,,acetylcholine,0.7919741239788756,1,right,660100,223128,77680,Codex label 6004 by Christa Baker: AVLP_pr11
627,720575940626777000,WED/IVLP auditory,IPS_pr01,,WED026,gaba,0.7720811083615574,-1,right,618380,264076,93880,Codex label 52951 by Christa Baker: IPS_pr01
628,720575940626844559,WED/IVLP auditory,AVLP_pr22,CB2623,,acetylcholine,0.8106733784092982,1,right,656184,194352,66880,Codex label 5624 by Christa Baker: AVLP_pr22
629,720575940626853245,WED/IVLP auditory,WED_pr01,,WEDPN12,glutamate,0.6694833780914335,-1,left,369724,160136,210440,Codex label 5860 by Claire McKellar: WED_pr01
630,720575940626869403,WED/IVLP auditory,AVLP_pr12,,CL062_b,acetylcholine,0.8083581682423264,1,right,684628,225372,63720,Codex label 5993 by Christa Baker: AVLP_pr12
631,720575940626885124,WED/IVLP auditory,AVLP_pr12,,CL062_a,acetylcholine,0.8943380939240416,1,left,350480,203628,109120,Codex label 5901 by Christa Baker: AVLP_pr12
632,720575940627127044,WED/IVLP auditory,AVLP_pr05,CB1447,,gaba,0.8099232447577197,-1,left,380832,200664,205480,Codex label 5981 by Christa Baker: AVLP_pr05
633,720575940627201579,WED/IVLP auditory,WV-WV,,,gaba,0.3565832543714851,-1,center,521636,322024,153560,Codex label 52920 by Christa Baker: WV-WV
634,720575940627218882,WED/IVLP auditory,WED_pr02,CB1948,,gaba,0.6525434232861609,-1,left,410468,291880,132920,Codex label 5836 by Christa Baker: WED_pr02
635,720575940627239482,WED/IVLP auditory,AVLP_pr11,CB2659,,acetylcholine,0.7693629565461335,1,left,353192,205988,109120,Codex label 5910 by Christa Baker: AVLP_pr11
636,720575940627363687,WED/IVLP auditory,AVLP_pr36,CB3269,,acetylcholine,0.7663251804286908,1,right,658624,242880,28280,Codex label 6433 by Christa Baker: AVLP_pr36
637,720575940627378476,WED/IVLP auditory,WED_pr02,CB2023,,gaba,0.6606420582684551,-1,right,643072,315980,106560,Codex label 52958 by Christa Baker: WED_pr02
638,720575940627585918,WED/IVLP auditory,AVLP_pr22,CB3287,,acetylcholine,0.8335163239249218,1,right,655928,193272,67600,Codex label 5762 by Christa Baker: AVLP_pr22 (no commissure)
639,720575940627604977,WED/IVLP auditory,AVLP_pr04,,AVLP537,glutamate,0.6107813073709982,-1,right,674016,213376,183360,Codex label 5990 by Christa Baker: AVLP_pr04
640,720575940627632428,WED/IVLP auditory,IPS_pr01,,WEDPN1A,gaba,0.7522237272008627,-1,left,421124,270220,159760,Codex label 5756 by Christa Baker: IPS_pr01; WED-PN1
641,720575940627642818,WED/IVLP auditory,AVLP_pr01,CB2114,,gaba,0.7597441670907127,-1,right,710684,186424,110560,Codex label 5705 by Claire McKellar: AVLP_pr01
642,720575940627709801,WED/IVLP auditory,AVLP_pr01,AVLP006a,AVLP006,gaba,0.5041740342848469,-1,left,361248,172736,147200,Codex label 52811 by Christa Baker: AVLP_pr01
643,720575940627719294,WED/IVLP auditory,AVLP_pr36,CB1783,,acetylcholine,0.8725603601172188,1,right,662016,245920,29080,Codex label 6431 by Christa Baker: AVLP_pr36
644,720575940627939177,WED/IVLP auditory,SAD_pr02,CB1198,,gaba,0.4751219433047327,-1,left,381472,294336,130920,Codex label 52945 by Christa Baker: SAD_pr02
645,720575940627952207,WED/IVLP auditory,AVLP_pr31,CB2593,,acetylcholine,0.9214900572874521,1,right,702276,263768,87160,Codex label 5761 by Christa Baker: AVLP_pr31
646,720575940628102876,WED/IVLP auditory,AVLP_pr11,CB2428,,acetylcholine,0.7134627036697788,1,right,686684,225992,63720,Codex label 5999 by Christa Baker: AVLP_pr11
647,720575940628118683,WED/IVLP auditory,PVLP_pr03,CB2676,,gaba,0.7097893222838062,-1,left,433148,199380,108600,Codex label 6019 by Christa Baker: PVLP_pr03; AVLP201
648,720575940628267264,WED/IVLP auditory,WED_pr02,,SAD021_a,gaba,0.6959786138641634,-1,left,398592,273748,127960,Codex label 6039 by Christa Baker: WED_pr02
649,720575940628333788,WED/IVLP auditory,AVLP_pr12,,CL062_b,acetylcholine,0.7802940945377187,1,right,688808,225184,63720,Codex label 5625 by Christa Baker: AVLP_pr12
650,720575940628405366,WED/IVLP auditory,AVLP_pr31,CB1904,,acetylcholine,0.8201243382633748,1,right,701908,263148,87120,Codex label 5986 by Christa Baker: AVLP_pr31
651,720575940628489516,WED/IVLP auditory,AVLP_pr01,CB1614,,gaba,0.8043037719152951,-1,left,363248,174760,146840,Codex label 4915 by Claire McKellar: AVLP_pr01
652,720575940628584783,WED/IVLP auditory,WED_pr01,CB1818,,acetylcholine,0.9135174263764285,1,right,671372,161840,184720,Codex label 5858 by Christa Baker: WED_pr01
653,720575940628837650,WED/IVLP auditory,AVLP_pr36,CB1090,,acetylcholine,0.887956291893932,1,right,656608,236128,28720,Codex label 6417 by Christa Baker: AVLP_pr36; aSP10A-C(HB)
654,720575940628846966,WED/IVLP auditory,SAD_pr02,CB3024,,gaba,0.5836482945732895,-1,left,409888,300516,126680,Codex label 6046 by Christa Baker: SAD_pr02
655,720575940629211960,WED/IVLP auditory,IPS/WED_pr01,,WED057,gaba,0.7892567310791626,-1,left,403512,303608,121880,Codex label 5831 by Christa Baker: IPS/WED_pr01
656,720575940629244357,WED/IVLP auditory,AVLP_pr36,CB3313,,acetylcholine,0.8792195419652079,1,left,375124,213440,76520,Codex label 6402 by Christa Baker: AVLP_pr36; aSP10A-C(HB)
657,720575940629283659,WED/IVLP auditory,AVLP_pr01,CB2364,,gaba,0.8585439497395362,-1,left,327456,154016,159880,Codex label 52806 by Christa Baker: AVLP_pr01
658,720575940629349340,WED/IVLP auditory,AVLP_pr05,,CL252,gaba,0.806566146432777,-1,left,389152,248592,175360,Codex label 5977 by Christa Baker: AVLP_pr05
659,720575940629414201,WED/IVLP auditory,AVLP_pr05,,CL252,gaba,0.7739315824282681,-1,left,381056,201420,205480,Codex label 5851 by Christa Baker: AVLP_pr05
660,720575940629513478,WED/IVLP auditory,AVLP_pr04,,AVLP538,dopamine,0.6704221883103163,0,right,669852,209024,179360,Codex label 52808 by Christa Baker: AVLP_pr04
661,720575940629938487,WED/IVLP auditory,WED_pr02,,SAD021_c,gaba,0.7224245027453889,-1,left,395064,278576,136120,Codex label 6037 by Christa Baker: WED_pr02
662,720575940630037073,WED/IVLP auditory,AVLP_pr12,,CL062_a,acetylcholine,0.9264856993449827,1,left,349848,203492,109120,Codex label 5997 by Christa Baker: AVLP_pr12
663,720575940630049617,WED/IVLP auditory,IPS/WED_pr01,,WED057,gaba,0.6824258318506171,-1,right,640948,318024,106560,Codex label 52937 by Christa Baker: IPS/WED_pr01
664,720575940630087542,WED/IVLP auditory,AVLP_pr02,,aSP8,gaba,0.6070284976344428,-1,left,371172,185692,143320,Codex label 6311 by Claire McKellar: AVLP_pr02
665,720575940630258003,WED/IVLP auditory,WED_pr02,,SAD021_a,gaba,0.7071160893145512,-1,left,402324,276068,126040,Codex label 5833 by Christa Baker: WED_pr02
666,720575940630334828,WED/IVLP auditory,AVLP_pr31,CB2930,,acetylcholine,0.8642604204627335,1,left,362292,240268,126320,Codex label 5444 by Christa Baker: AVLP_pr31
667,720575940630353682,WED/IVLP auditory,AVLP_pr01,CB2114,,gaba,0.7549987458580072,-1,right,712936,185384,110560,Codex label 5678 by Claire McKellar: AVLP_pr01
668,720575940630446879,WED/IVLP auditory,PVLP_pr03,CB1507,,gaba,0.8782014731856942,-1,right,609356,207272,109280,Codex label 6021 by Christa Baker: PVLP_pr03
669,720575940630548035,WED/IVLP auditory,PVLP_pr03,CB3582,,gaba,0.7482533021344772,-1,right,607672,207016,109240,Codex label 6026 by Christa Baker: PVLP_pr03; PVLP047(HB)
670,720575940630622509,WED/IVLP auditory,IPS/WED_pr01,,WED057,gaba,0.7721711332254166,-1,right,642424,313092,106520,Codex label 5956 by Christa Baker: IPS/WED_pr01
671,720575940630622803,WED/IVLP auditory,AVLP_pr22,CB1377,,acetylcholine,0.7676149017676741,1,right,656864,194348,66920,Codex label 5895 by Christa Baker: AVLP_pr22
672,720575940630637330,WED/IVLP auditory,PVLP_pr03,CB2853,,gaba,0.8497340715584976,-1,left,433796,200584,108600,Codex label 6010 by Christa Baker: PVLP_pr03
673,720575940630659446,WED/IVLP auditory,SAD_pr02,CB1969,,gaba,0.46297051461181066,-1,right,642800,317492,105560,Codex label 5963 by Christa Baker: SAD_pr02
674,720575940630669818,WED/IVLP auditory,AVLP_pr22,CB3337,,acetylcholine,0.5765377574558301,1,left,389724,176364,104720,Codex label 52933 by Christa Baker: AVLP_pr22
675,720575940630749523,WED/IVLP auditory,WED_pr02,CB3491,,gaba,0.6933477353361631,-1,left,393924,276276,137520,Codex label 6040 by Christa Baker: WED_pr02
676,720575940630822607,WED/IVLP auditory,AVLP/PVLP_pr01,AVLP451b,AVLP451,acetylcholine,0.8139632306466615,1,left,449012,264772,126040,Codex label 52947 by Christa Baker: AVLP/PVLP_pr01
677,720575940631153194,WED/IVLP auditory,AVLP_pr23,CB0264,,acetylcholine,0.8840337218902747,1,left,496052,320980,164720,Codex label 4932 by Claire McKellar: AVLP_pr23
678,720575940631158242,WED/IVLP auditory,AVLP_pr31,CB3006,,acetylcholine,0.8661402322196046,1,left,361784,240412,126320,Codex label 6419 by Christa Baker: AVLP_pr31 right
679,720575940631425965,WED/IVLP auditory,AVLP_pr01,CB2364,,gaba,0.8529131956387831,-1,left,363080,174052,146360,Codex label 4919 by Claire McKellar: AVLP_pr01
680,720575940631805999,WED/IVLP auditory,AVLP/PVLP_pr01,CB2624,,acetylcholine,0.6639287212729608,1,left,449420,265072,126040,Codex label 5947 by Christa Baker: AVLP/PVLP_pr01
681,720575940631838945,WED/IVLP auditory,AVLP_pr05,CB1380,,gaba,0.7610500842110464,-1,left,380644,202284,205480,Codex label 5982 by Christa Baker: AVLP_pr05
682,720575940632011420,WED/IVLP auditory,AVLP_pr12,,CL062_a,acetylcholine,0.9037635936926891,1,right,684544,225808,63720,Codex label 5994 by Christa Baker: AVLP_pr12
683,720575940632184928,WED/IVLP auditory,IPS/WED_pr01,,WED057,gaba,0.6782499223283736,-1,right,663200,329504,112880,Codex label 52936 by Christa Baker: IPS/WED_pr01
684,720575940632527571,WED/IVLP auditory,AVLP_pr22,CB2006,,acetylcholine,0.759987600792469,1,left,389756,176120,104720,Codex label 6053 by Christa Baker: AVLP_pr22
685,720575940632670434,WED/IVLP auditory,AVLP_pr01,CB2253,,gaba,0.6726400087517844,-1,right,710916,185776,110640,Codex label 5736 by Claire McKellar: AVLP_pr01
686,720575940632722527,WED/IVLP auditory,AVLP_pr05,CB1107,,gaba,0.7701300467586372,-1,left,379428,199984,205480,Codex label 5974 by Christa Baker: AVLP_pr05
687,720575940632945177,WED/IVLP auditory,WV-WV,,,gaba,0.4818503038570007,-1,center,519884,322788,151840,Codex label 52919 by Christa Baker: WV-WV
688,720575940632998136,WED/IVLP auditory,WED_pr02,CB3491,,gaba,0.7387350384656111,-1,left,398192,279596,136880,Codex label 4952 by Claire McKellar: WED_pr02
689,720575940633040097,WED/IVLP auditory,SAD_pr02,CB1969,,gaba,0.5074683931341244,-1,left,402712,304580,121880,Codex label 6041 by Christa Baker: SAD_pr02
690,720575940633044634,WED/IVLP auditory,WED_pr02,CB3245,,gaba,0.6914163079496726,-1,left,402484,280592,126640,Codex label 5834 by Christa Baker: WED_pr02
691,720575940633682295,WED/IVLP auditory,AVLP_pr31,CB1904,,acetylcholine,0.7976895854959122,1,right,701724,263192,87160,Codex label 5987 by Christa Baker: AVLP_pr31
692,720575940634136255,WED/IVLP auditory,AVLP_pr22,CB1187,,acetylcholine,0.8367230642178246,1,right,657040,194240,66880,Codex label 5897 by Christa Baker: AVLP_pr22
693,720575940634317724,WED/IVLP auditory,AVLP/PVLP_pr01,CB1498,,acetylcholine,0.7455012413562179,1,left,429372,260908,121120,Codex label 5949 by Christa Baker: AVLP/PVLP_pr01
694,720575940634371685,WED/IVLP auditory,AVLP_pr11,CB2057,,acetylcholine,0.6672720029456607,1,left,389420,207636,113200,Codex label 5905 by Christa Baker: AVLP_pr11
695,720575940634371941,WED/IVLP auditory,AVLP_pr12,,CL062_a,acetylcholine,0.8737822573465246,1,left,357056,206240,109120,Codex label 5904 by Christa Baker: AVLP_pr12
696,720575940634508174,WED/IVLP auditory,AVLP_pr01,CB2364,,gaba,0.7867943350784562,-1,right,711116,186812,110560,Codex label 5703 by Claire McKellar: AVLP_pr01
697,720575940634709872,WED/IVLP auditory,AVLP_pr31,CB2593,,acetylcholine,0.9080874385497927,1,right,702236,262400,87120,Codex label 5985 by Christa Baker: AVLP_pr31
698,720575940634762394,WED/IVLP auditory,AVLP_pr11,CB2057,,acetylcholine,0.5988243531357014,1,left,395680,207300,114200,Codex label 52955 by Christa Baker: AVLP_pr11
699,720575940635130905,WED/IVLP auditory,AVLP_pr12,,CL062_a,acetylcholine,0.9045669186180886,1,right,688684,224828,63720,Codex label 5992 by Christa Baker: AVLP_pr12
700,720575940635330204,WED/IVLP auditory,WV-WV-1,,,gaba,0.669774396302475,-1,center,527228,338120,183000,Codex label 52805 by Christa Baker: WV-WV-1
701,720575940636504553,WED/IVLP auditory,AVLP_pr02,,aSP8,gaba,0.64272000747746,-1,right,682388,191440,109680,Codex label 5694 by Claire McKellar: AVLP_pr02
702,720575940636533574,WED/IVLP auditory,PVLP_pr03,CB2261,,gaba,0.8491016210827198,-1,left,414964,228632,150160,Codex label 6012 by Christa Baker: PVLP_pr03
703,720575940636573108,WED/IVLP auditory,PVLP_pr03,CB3582,,gaba,0.8291709820805558,-1,left,432468,199964,108600,Codex label 6008 by Christa Baker: PVLP_pr03; PVLP047(HB)
704,720575940637079667,WED/IVLP auditory,AVLP_pr12,,CL062_b,acetylcholine,0.7608806725390223,1,left,355664,205404,109120,Codex label 5903 by Christa Baker: AVLP_pr12
705,720575940637319134,WED/IVLP auditory,AVLP_pr12,,CL062_b,acetylcholine,0.7717470084316524,1,right,688988,224940,63720,Codex label 5995 by Christa Baker: AVLP_pr12
706,720575940637410394,WED/IVLP auditory,WED_pr02,CB3245,,gaba,0.6429405818739768,-1,left,401432,284724,123640,Codex label 5779 by Christa Baker: WED_pr02
707,720575940637834301,WED/IVLP auditory,AVLP_pr36,CB3313,,acetylcholine,0.8597247935895719,1,left,404252,198272,88320,Codex label 6342 by Christa Baker: AVLP_pr36
708,720575940638148224,WED/IVLP auditory,AVLP_pr01,,LHAV4d1,gaba,0.4859778791184702,-1,left,347368,161692,152600,Codex label 4926 by Claire McKellar: AVLP_pr01 (with lateral projection)
709,720575940638446168,WED/IVLP auditory,AVLP_pr22,CB1917,,acetylcholine,0.7103703964746558,1,right,680864,223328,38560,Codex label 52927 by Christa Baker: AVLP_pr22
710,720575940639223524,WED/IVLP auditory,AVLP_pr22,CB2433,,acetylcholine,0.6124866047932613,1,left,383672,175308,104720,Codex label 52931 by Christa Baker: AVLP_pr22
711,720575940639494528,WED/IVLP auditory,AVLP_pr05,,CL252,gaba,0.707394219353844,-1,left,377920,199356,205480,Codex label 5975 by Christa Baker: AVLP_pr05
712,720575940639695568,WED/IVLP auditory,WED_pr02,CB1760,,gaba,0.7230391549828462,-1,left,403768,281480,141520,Codex label 5775 by Christa Baker: WED_pr02
713,720575940639811469,WED/IVLP auditory,WV-WV,,,gaba,0.4784048486702705,-1,center,517088,353376,192520,Codex label 52917 by Christa Baker: WV-WV
714,720575940640631248,WED/IVLP auditory,AVLP_pr11,CB2777,,acetylcholine,0.5763175970498268,1,left,396264,210092,116720,Codex label 5579 by Christa Baker: AVLP_pr11
715,720575940641359776,WED/IVLP auditory,WED-VLP,CB2108,,acetylcholine,0.844876027950177,1,right,694696,277940,81600,Codex label 6345 by Christa Baker: WED-VLP
716,720575940641701328,WED/IVLP auditory,AVLP_pr11,CB2777,,acetylcholine,0.6431426306247997,1,left,354200,205592,109120,Codex label 5908 by Christa Baker: AVLP_pr11
717,720575940642345179,WED/IVLP auditory,AVLP_pr22,CB2623,,acetylcholine,0.8472777253385937,1,left,388080,175568,104720,Codex label 6051 by Christa Baker: AVLP_pr22
718,720575940642686999,WED/IVLP auditory,IPS/WED_pr01,,WED057,gaba,0.7185979589576472,-1,right,640804,318576,106520,Codex label 5954 by Christa Baker: IPS/WED_pr01
719,720575940642687255,WED/IVLP auditory,AVLP_pr22,CB2433,,acetylcholine,0.7086334936757109,1,right,656804,194144,66880,Codex label 5899 by Christa Baker: AVLP_pr22
720,720575940644319796,WED/IVLP auditory,AVLP_pr02,,aSP8,gaba,0.696053706218827,-1,right,621260,161116,96720,Codex label 4930 by Claire McKellar: AVLP_pr02
721,720575940644488727,WED/IVLP auditory,SAD_pr01,CB0104,,gaba,0.3165680098546743,-1,left,434304,323584,123000,Codex label 5772 by Christa Baker: SAD_pr01
722,720575940645497140,WED/IVLP auditory,SAD_pr02,CB1942,,gaba,0.6302833653741577,-1,left,404912,304220,121880,Codex label 6043 by Christa Baker: SAD_pr02
723,720575940645516676,WED/IVLP auditory,AVLP_pr22,CB3337,,acetylcholine,0.6978289294711517,1,left,390308,176632,104720,Codex label 6049 by Christa Baker: AVLP_pr22
724,720575940645813636,WED/IVLP auditory,AVLP_pr22,CB2381,,acetylcholine,0.7555413609695449,1,right,659012,192396,67600,Codex label 5629 by Christa Baker: AVLP_pr22
725,720575940648981881,WED/IVLP auditory,AVLP_pr32,CB2510,,acetylcholine,0.9111092162053068,1,left,342720,273600,123200,Codex label 6421 by Christa Baker: AVLP_pr32 right
726,720575940650973174,WED/IVLP auditory,AVLP_pr31,CB1762,,acetylcholine,0.8158409166123798,1,right,701720,261968,87120,Codex label 5988 by Christa Baker: AVLP_pr31
727,720575940653919137,WED/IVLP auditory,AVLP_pr05,CB1660,,glutamate,0.5306282898245791,-1,left,378644,199848,205480,Codex label 5978 by Christa Baker: AVLP_pr05
728,720575940654167201,WED/IVLP auditory,PVLP_pr03,CB2278,,gaba,0.8364856452207649,-1,right,624884,229896,136320,Codex label 6027 by Christa Baker: PVLP_pr03
729,720575940654490785,WED/IVLP auditory,WED_pr02,CB1760,,gaba,0.7124401446968776,-1,right,641024,318800,105560,Codex label 5958 by Christa Baker: WED_pr02
730,720575940660314241,WED/IVLP auditory,WED_pr02,CB1948,,gaba,0.6024830006482691,-1,left,408816,291204,128240,Codex label 6038 by Christa Baker: WED_pr02
